date,Amazon scandal_unscaled
2010-07-06,0
2010-07-07,0
2010-07-08,0
2010-07-09,0
2010-07-10,0
2010-07-11,0
2010-07-12,100
2010-07-13,0
2010-07-14,0
2010-07-15,0
2010-07-16,0
2010-07-17,0
2010-07-18,0
2010-07-19,0
2010-07-20,0
2010-07-21,0
2010-07-22,0
2010-07-23,0
2010-07-24,0
2010-07-25,0
2010-07-26,0
2010-07-27,0
2010-07-28,99
2010-07-29,0
2010-07-30,0
2010-07-31,0
2010-08-01,0
2010-08-02,0
2010-08-03,0
2010-08-04,0
2010-08-05,0
2010-08-06,0
2010-08-07,0
2010-08-08,0
2010-08-09,0
2010-08-10,0
2010-08-11,99
2010-08-12,0
2010-08-13,0
2010-08-14,0
2010-08-15,0
2010-08-16,0
2010-08-17,0
2010-08-18,0
2010-08-19,0
2010-08-20,0
2010-08-21,0
2010-08-22,0
2010-08-23,0
2010-08-24,0
2010-08-25,0
2010-08-26,100
2010-08-27,0
2010-08-28,0
2010-08-29,0
2010-08-30,0
2010-08-31,0
2010-09-01,52
2010-09-02,0
2010-09-03,0
2010-09-04,0
2010-09-05,0
2010-09-06,0
2010-09-07,53
2010-09-08,0
2010-09-09,52
2010-09-10,0
2010-09-11,0
2010-09-12,0
2010-09-13,0
2010-09-14,0
2010-09-15,0
2010-09-16,0
2010-09-17,0
2010-09-18,0
2010-09-19,0
2010-09-20,0
2010-09-21,0
2010-09-22,52
2010-09-23,51
2010-09-24,0
2010-09-25,0
2010-09-26,0
2010-09-27,0
2010-09-28,100
2010-09-29,0
2010-09-30,0
2010-10-01,0
2010-10-02,0
2010-10-03,0
2010-10-04,0
2010-10-05,0
2010-10-06,0
2010-10-07,0
2010-10-08,75
2010-10-09,0
2010-10-10,100
2010-10-11,74
2010-10-12,0
2010-10-13,72
2010-10-14,0
2010-10-15,0
2010-10-16,0
2010-10-17,0
2010-10-18,0
2010-10-19,0
2010-10-20,0
2010-10-21,0
2010-10-22,0
2010-10-23,0
2010-10-24,0
2010-10-25,68
2010-10-26,68
2010-10-27,0
2010-10-28,0
2010-10-29,0
2010-10-30,0
2010-10-31,0
2010-11-01,0
2010-11-02,0
2010-11-03,0
2010-11-04,0
2010-11-05,0
2010-11-06,0
2010-11-07,0
2010-11-08,0
2010-11-09,35
2010-11-10,0
2010-11-11,37
2010-11-12,57
2010-11-13,100
2010-11-14,50
2010-11-15,0
2010-11-16,69
2010-11-17,35
2010-11-18,0
2010-11-19,0
2010-11-20,96
2010-11-21,0
2010-11-22,35
2010-11-23,35
2010-11-24,39
2010-11-25,50
2010-11-26,0
2010-11-27,0
2010-11-28,49
2010-11-29,34
2010-11-30,34
2010-12-01,0
2010-12-02,54
2010-12-03,57
2010-12-04,0
2010-12-05,0
2010-12-06,0
2010-12-07,0
2010-12-08,0
2010-12-09,0
2010-12-10,0
2010-12-11,74
2010-12-12,0
2010-12-13,0
2010-12-14,0
2010-12-15,55
2010-12-16,0
2010-12-17,0
2010-12-18,0
2010-12-19,0
2010-12-20,0
2010-12-21,0
2010-12-22,0
2010-12-23,67
2010-12-24,0
2010-12-25,100
2010-12-26,0
2010-12-27,0
2010-12-28,64
2010-12-29,0
2010-12-30,65
2010-12-31,74
2011-01-01,100
2011-01-02,0
2011-01-03,63
2011-01-04,0
2011-01-05,62
2011-01-06,64
2011-01-07,0
2011-01-08,80
2011-01-09,0
2011-01-10,61
2011-01-11,60
2011-01-12,0
2011-01-13,0
2011-01-14,0
2011-01-15,0
2011-01-16,79
2011-01-17,64
2011-01-18,60
2011-01-19,0
2011-01-20,0
2011-01-21,0
2011-01-22,0
2011-01-23,0
2011-01-24,0
2011-01-25,0
2011-01-26,59
2011-01-27,0
2011-01-28,62
2011-01-29,0
2011-01-30,0
2011-01-31,56
2011-02-01,0
2011-02-02,0
2011-02-03,0
2011-02-04,79
2011-02-05,0
2011-02-06,100
2011-02-07,0
2011-02-08,0
2011-02-09,0
2011-02-10,0
2011-02-11,0
2011-02-12,0
2011-02-13,0
2011-02-14,0
2011-02-15,79
2011-02-16,0
2011-02-17,0
2011-02-18,0
2011-02-19,0
2011-02-20,0
2011-02-21,0
2011-02-22,0
2011-02-23,0
2011-02-24,0
2011-02-25,0
2011-02-26,0
2011-02-27,100
2011-02-28,77
2011-03-01,77
2011-03-02,0
2011-03-03,0
2011-03-04,0
2011-03-05,0
2011-03-06,0
2011-03-07,78
2011-03-08,0
2011-03-09,0
2011-03-10,78
2011-03-11,77
2011-03-12,0
2011-03-13,0
2011-03-14,89
2011-03-15,0
2011-03-16,0
2011-03-17,0
2011-03-18,0
2011-03-19,0
2011-03-20,0
2011-03-21,0
2011-03-22,0
2011-03-23,78
2011-03-24,0
2011-03-25,0
2011-03-26,100
2011-03-27,0
2011-03-28,0
2011-03-29,0
2011-03-30,0
2011-03-31,0
2011-04-01,0
2011-04-02,0
2011-04-03,0
2011-04-04,0
2011-04-05,0
2011-04-06,0
2011-04-07,0
2011-04-08,0
2011-04-09,0
2011-04-10,0
2011-04-11,0
2011-04-12,0
2011-04-13,0
2011-04-14,75
2011-04-15,78
2011-04-16,0
2011-04-17,100
2011-04-18,0
2011-04-19,0
2011-04-20,73
2011-04-21,0
2011-04-22,0
2011-04-23,0
2011-04-24,0
2011-04-25,0
2011-04-26,0
2011-04-27,73
2011-04-28,0
2011-04-29,0
2011-04-30,0
2011-05-01,47
2011-05-02,68
2011-05-03,35
2011-05-04,0
2011-05-05,0
2011-05-06,38
2011-05-07,0
2011-05-08,0
2011-05-09,0
2011-05-10,0
2011-05-11,35
2011-05-12,0
2011-05-13,0
2011-05-14,0
2011-05-15,0
2011-05-16,0
2011-05-17,0
2011-05-18,53
2011-05-19,0
2011-05-20,37
2011-05-21,48
2011-05-22,0
2011-05-23,0
2011-05-24,0
2011-05-25,35
2011-05-26,0
2011-05-27,0
2011-05-28,100
2011-05-29,0
2011-05-30,0
2011-05-31,36
2011-06-01,0
2011-06-02,0
2011-06-03,100
2011-06-04,0
2011-06-05,0
2011-06-06,96
2011-06-07,0
2011-06-08,97
2011-06-09,96
2011-06-10,0
2011-06-11,0
2011-06-12,0
2011-06-13,0
2011-06-14,96
2011-06-15,0
2011-06-16,99
2011-06-17,0
2011-06-18,0
2011-06-19,0
2011-06-20,0
2011-06-21,94
2011-06-22,0
2011-06-23,97
2011-06-24,99
2011-06-25,0
2011-06-26,0
2011-06-27,0
2011-06-28,94
2011-06-29,95
2011-06-30,0
2011-07-01,0
2011-07-02,0
2011-07-03,75
2011-07-04,70
2011-07-05,0
2011-07-06,0
2011-07-07,0
2011-07-08,52
2011-07-09,0
2011-07-10,70
2011-07-11,0
2011-07-12,0
2011-07-13,51
2011-07-14,0
2011-07-15,54
2011-07-16,0
2011-07-17,0
2011-07-18,0
2011-07-19,75
2011-07-20,100
2011-07-21,51
2011-07-22,53
2011-07-23,0
2011-07-24,65
2011-07-25,0
2011-07-26,0
2011-07-27,0
2011-07-28,0
2011-07-29,0
2011-07-30,0
2011-07-31,0
2011-08-01,0
2011-08-02,0
2011-08-03,0
2011-08-04,0
2011-08-05,0
2011-08-06,0
2011-08-07,0
2011-08-08,96
2011-08-09,0
2011-08-10,97
2011-08-11,100
2011-08-12,0
2011-08-13,0
2011-08-14,0
2011-08-15,0
2011-08-16,97
2011-08-17,98
2011-08-18,99
2011-08-19,0
2011-08-20,0
2011-08-21,0
2011-08-22,0
2011-08-23,94
2011-08-24,96
2011-08-25,0
2011-08-26,0
2011-08-27,0
2011-08-28,0
2011-08-29,0
2011-08-30,0
2011-08-31,0
2011-09-01,0
2011-09-02,0
2011-09-03,87
2011-09-04,0
2011-09-05,0
2011-09-06,0
2011-09-07,0
2011-09-08,0
2011-09-09,0
2011-09-10,0
2011-09-11,85
2011-09-12,0
2011-09-13,66
2011-09-14,100
2011-09-15,0
2011-09-16,0
2011-09-17,88
2011-09-18,0
2011-09-19,68
2011-09-20,0
2011-09-21,68
2011-09-22,0
2011-09-23,70
2011-09-24,87
2011-09-25,0
2011-09-26,67
2011-09-27,0
2011-09-28,66
2011-09-29,0
2011-09-30,0
2011-10-01,64
2011-10-02,64
2011-10-03,0
2011-10-04,50
2011-10-05,0
2011-10-06,100
2011-10-07,0
2011-10-08,0
2011-10-09,0
2011-10-10,75
2011-10-11,0
2011-10-12,0
2011-10-13,0
2011-10-14,0
2011-10-15,0
2011-10-16,62
2011-10-17,0
2011-10-18,48
2011-10-19,0
2011-10-20,0
2011-10-21,0
2011-10-22,0
2011-10-23,0
2011-10-24,0
2011-10-25,48
2011-10-26,0
2011-10-27,0
2011-10-28,0
2011-10-29,0
2011-10-30,0
2011-10-31,0
2011-11-01,0
2011-11-02,35
2011-11-03,0
2011-11-04,0
2011-11-05,0
2011-11-06,0
2011-11-07,35
2011-11-08,0
2011-11-09,0
2011-11-10,59
2011-11-11,38
2011-11-12,0
2011-11-13,0
2011-11-14,35
2011-11-15,0
2011-11-16,35
2011-11-17,71
2011-11-18,37
2011-11-19,45
2011-11-20,44
2011-11-21,35
2011-11-22,35
2011-11-23,0
2011-11-24,0
2011-11-25,43
2011-11-26,0
2011-11-27,43
2011-11-28,100
2011-11-29,33
2011-11-30,34
2011-12-01,0
2011-12-02,42
2011-12-03,0
2011-12-04,0
2011-12-05,0
2011-12-06,39
2011-12-07,0
2011-12-08,40
2011-12-09,41
2011-12-10,50
2011-12-11,100
2011-12-12,40
2011-12-13,0
2011-12-14,0
2011-12-15,82
2011-12-16,0
2011-12-17,0
2011-12-18,52
2011-12-19,41
2011-12-20,0
2011-12-21,42
2011-12-22,44
2011-12-23,48
2011-12-24,0
2011-12-25,0
2011-12-26,0
2011-12-27,43
2011-12-28,0
2011-12-29,0
2011-12-30,0
2011-12-31,0
2012-01-01,0
2012-01-02,92
2012-01-03,83
2012-01-04,81
2012-01-05,83
2012-01-06,0
2012-01-07,100
2012-01-08,0
2012-01-09,0
2012-01-10,80
2012-01-11,0
2012-01-12,0
2012-01-13,81
2012-01-14,0
2012-01-15,0
2012-01-16,84
2012-01-17,80
2012-01-18,0
2012-01-19,0
2012-01-20,0
2012-01-21,0
2012-01-22,0
2012-01-23,0
2012-01-24,0
2012-01-25,0
2012-01-26,0
2012-01-27,0
2012-01-28,98
2012-01-29,97
2012-01-30,0
2012-01-31,0
2012-02-01,0
2012-02-02,0
2012-02-03,0
2012-02-04,0
2012-02-05,0
2012-02-06,0
2012-02-07,49
2012-02-08,0
2012-02-09,99
2012-02-10,52
2012-02-11,0
2012-02-12,57
2012-02-13,0
2012-02-14,0
2012-02-15,100
2012-02-16,0
2012-02-17,0
2012-02-18,61
2012-02-19,0
2012-02-20,0
2012-02-21,0
2012-02-22,0
2012-02-23,49
2012-02-24,0
2012-02-25,0
2012-02-26,61
2012-02-27,0
2012-02-28,0
2012-02-29,0
2012-03-01,49
2012-03-02,100
2012-03-03,0
2012-03-04,0
2012-03-05,0
2012-03-06,45
2012-03-07,0
2012-03-08,0
2012-03-09,0
2012-03-10,56
2012-03-11,0
2012-03-12,45
2012-03-13,0
2012-03-14,0
2012-03-15,0
2012-03-16,48
2012-03-17,58
2012-03-18,58
2012-03-19,0
2012-03-20,0
2012-03-21,0
2012-03-22,46
2012-03-23,48
2012-03-24,57
2012-03-25,85
2012-03-26,46
2012-03-27,45
2012-03-28,45
2012-03-29,46
2012-03-30,0
2012-03-31,0
2012-04-01,0
2012-04-02,0
2012-04-03,0
2012-04-04,0
2012-04-05,0
2012-04-06,0
2012-04-07,35
2012-04-08,37
2012-04-09,32
2012-04-10,29
2012-04-11,26
2012-04-12,26
2012-04-13,84
2012-04-14,33
2012-04-15,100
2012-04-16,26
2012-04-17,26
2012-04-18,0
2012-04-19,27
2012-04-20,0
2012-04-21,33
2012-04-22,32
2012-04-23,26
2012-04-24,0
2012-04-25,26
2012-04-26,26
2012-04-27,0
2012-04-28,33
2012-04-29,67
2012-04-30,26
2012-05-01,48
2012-05-02,49
2012-05-03,49
2012-05-04,51
2012-05-05,63
2012-05-06,63
2012-05-07,49
2012-05-08,0
2012-05-09,48
2012-05-10,50
2012-05-11,0
2012-05-12,99
2012-05-13,66
2012-05-14,49
2012-05-15,0
2012-05-16,0
2012-05-17,0
2012-05-18,0
2012-05-19,66
2012-05-20,66
2012-05-21,0
2012-05-22,49
2012-05-23,50
2012-05-24,51
2012-05-25,0
2012-05-26,0
2012-05-27,0
2012-05-28,62
2012-05-29,0
2012-05-30,75
2012-05-31,100
2012-06-01,16
2012-06-02,0
2012-06-03,19
2012-06-04,0
2012-06-05,0
2012-06-06,0
2012-06-07,0
2012-06-08,0
2012-06-09,0
2012-06-10,0
2012-06-11,15
2012-06-12,0
2012-06-13,0
2012-06-14,16
2012-06-15,0
2012-06-16,0
2012-06-17,100
2012-06-18,15
2012-06-19,0
2012-06-20,15
2012-06-21,0
2012-06-22,0
2012-06-23,0
2012-06-24,0
2012-06-25,0
2012-06-26,0
2012-06-27,15
2012-06-28,0
2012-06-29,0
2012-06-30,0
2012-07-01,0
2012-07-02,52
2012-07-03,51
2012-07-04,0
2012-07-05,56
2012-07-06,0
2012-07-07,0
2012-07-08,0
2012-07-09,0
2012-07-10,0
2012-07-11,0
2012-07-12,0
2012-07-13,0
2012-07-14,63
2012-07-15,0
2012-07-16,50
2012-07-17,0
2012-07-18,50
2012-07-19,0
2012-07-20,0
2012-07-21,64
2012-07-22,65
2012-07-23,100
2012-07-24,50
2012-07-25,50
2012-07-26,51
2012-07-27,0
2012-07-28,62
2012-07-29,0
2012-07-30,75
2012-07-31,49
2012-08-01,48
2012-08-02,0
2012-08-03,0
2012-08-04,60
2012-08-05,60
2012-08-06,0
2012-08-07,0
2012-08-08,97
2012-08-09,0
2012-08-10,100
2012-08-11,60
2012-08-12,0
2012-08-13,0
2012-08-14,48
2012-08-15,0
2012-08-16,49
2012-08-17,0
2012-08-18,61
2012-08-19,62
2012-08-20,0
2012-08-21,0
2012-08-22,0
2012-08-23,0
2012-08-24,50
2012-08-25,0
2012-08-26,0
2012-08-27,0
2012-08-28,0
2012-08-29,0
2012-08-30,0
2012-08-31,0
2012-09-01,0
2012-09-02,0
2012-09-03,0
2012-09-04,38
2012-09-05,0
2012-09-06,38
2012-09-07,0
2012-09-08,47
2012-09-09,47
2012-09-10,0
2012-09-11,38
2012-09-12,38
2012-09-13,39
2012-09-14,0
2012-09-15,0
2012-09-16,47
2012-09-17,0
2012-09-18,0
2012-09-19,38
2012-09-20,0
2012-09-21,40
2012-09-22,48
2012-09-23,0
2012-09-24,0
2012-09-25,0
2012-09-26,0
2012-09-27,0
2012-09-28,100
2012-09-29,0
2012-09-30,0
2012-10-01,0
2012-10-02,50
2012-10-03,0
2012-10-04,0
2012-10-05,78
2012-10-06,63
2012-10-07,0
2012-10-08,0
2012-10-09,49
2012-10-10,49
2012-10-11,49
2012-10-12,52
2012-10-13,62
2012-10-14,60
2012-10-15,0
2012-10-16,49
2012-10-17,0
2012-10-18,100
2012-10-19,77
2012-10-20,63
2012-10-21,0
2012-10-22,48
2012-10-23,0
2012-10-24,48
2012-10-25,49
2012-10-26,51
2012-10-27,61
2012-10-28,59
2012-10-29,47
2012-10-30,48
2012-10-31,100
2012-11-01,70
2012-11-02,0
2012-11-03,0
2012-11-04,80
2012-11-05,0
2012-11-06,0
2012-11-07,0
2012-11-08,65
2012-11-09,68
2012-11-10,0
2012-11-11,82
2012-11-12,100
2012-11-13,65
2012-11-14,66
2012-11-15,66
2012-11-16,69
2012-11-17,0
2012-11-18,79
2012-11-19,0
2012-11-20,0
2012-11-21,69
2012-11-22,82
2012-11-23,0
2012-11-24,80
2012-11-25,78
2012-11-26,92
2012-11-27,61
2012-11-28,62
2012-11-29,62
2012-11-30,0
2012-12-01,0
2012-12-02,0
2012-12-03,49
2012-12-04,0
2012-12-05,0
2012-12-06,0
2012-12-07,34
2012-12-08,40
2012-12-09,39
2012-12-10,64
2012-12-11,0
2012-12-12,0
2012-12-13,97
2012-12-14,100
2012-12-15,94
2012-12-16,81
2012-12-17,33
2012-12-18,33
2012-12-19,34
2012-12-20,34
2012-12-21,36
2012-12-22,43
2012-12-23,87
2012-12-24,42
2012-12-25,95
2012-12-26,76
2012-12-27,72
2012-12-28,36
2012-12-29,40
2012-12-30,69
2012-12-31,55
2013-01-01,63
2013-01-02,0
2013-01-03,32
2013-01-04,67
2013-01-05,0
2013-01-06,96
2013-01-07,32
2013-01-08,0
2013-01-09,0
2013-01-10,64
2013-01-11,66
2013-01-12,51
2013-01-13,57
2013-01-14,0
2013-01-15,31
2013-01-16,32
2013-01-17,63
2013-01-18,82
2013-01-19,0
2013-01-20,39
2013-01-21,100
2013-01-22,61
2013-01-23,31
2013-01-24,64
2013-01-25,48
2013-01-26,38
2013-01-27,57
2013-01-28,77
2013-01-29,31
2013-01-30,62
2013-01-31,46
2013-02-01,63
2013-02-02,100
2013-02-03,49
2013-02-04,41
2013-02-05,40
2013-02-06,0
2013-02-07,41
2013-02-08,62
2013-02-09,0
2013-02-10,50
2013-02-11,39
2013-02-12,53
2013-02-13,40
2013-02-14,42
2013-02-15,44
2013-02-16,99
2013-02-17,0
2013-02-18,42
2013-02-19,40
2013-02-20,40
2013-02-21,40
2013-02-22,0
2013-02-23,65
2013-02-24,49
2013-02-25,80
2013-02-26,39
2013-02-27,80
2013-02-28,0
2013-03-01,66
2013-03-02,77
2013-03-03,58
2013-03-04,48
2013-03-05,0
2013-03-06,0
2013-03-07,32
2013-03-08,33
2013-03-09,0
2013-03-10,0
2013-03-11,32
2013-03-12,47
2013-03-13,63
2013-03-14,32
2013-03-15,100
2013-03-16,0
2013-03-17,78
2013-03-18,63
2013-03-19,62
2013-03-20,32
2013-03-21,64
2013-03-22,33
2013-03-23,0
2013-03-24,39
2013-03-25,0
2013-03-26,0
2013-03-27,0
2013-03-28,33
2013-03-29,36
2013-03-30,0
2013-03-31,0
2013-04-01,41
2013-04-02,53
2013-04-03,53
2013-04-04,27
2013-04-05,28
2013-04-06,68
2013-04-07,66
2013-04-08,44
2013-04-09,26
2013-04-10,26
2013-04-11,40
2013-04-12,55
2013-04-13,67
2013-04-14,33
2013-04-15,34
2013-04-16,0
2013-04-17,26
2013-04-18,40
2013-04-19,27
2013-04-20,0
2013-04-21,34
2013-04-22,27
2013-04-23,26
2013-04-24,53
2013-04-25,54
2013-04-26,84
2013-04-27,51
2013-04-28,100
2013-04-29,26
2013-04-30,26
2013-05-01,30
2013-05-02,0
2013-05-03,32
2013-05-04,64
2013-05-05,0
2013-05-06,0
2013-05-07,30
2013-05-08,0
2013-05-09,0
2013-05-10,64
2013-05-11,39
2013-05-12,100
2013-05-13,46
2013-05-14,61
2013-05-15,61
2013-05-16,77
2013-05-17,54
2013-05-18,78
2013-05-19,76
2013-05-20,50
2013-05-21,30
2013-05-22,30
2013-05-23,31
2013-05-24,65
2013-05-25,80
2013-05-26,42
2013-05-27,0
2013-05-28,0
2013-05-29,61
2013-05-30,0
2013-05-31,65
2013-06-01,0
2013-06-02,31
2013-06-03,25
2013-06-04,49
2013-06-05,100
2013-06-06,25
2013-06-07,0
2013-06-08,31
2013-06-09,47
2013-06-10,40
2013-06-11,36
2013-06-12,75
2013-06-13,0
2013-06-14,66
2013-06-15,32
2013-06-16,0
2013-06-17,25
2013-06-18,24
2013-06-19,25
2013-06-20,0
2013-06-21,26
2013-06-22,63
2013-06-23,32
2013-06-24,38
2013-06-25,25
2013-06-26,37
2013-06-27,38
2013-06-28,26
2013-06-29,32
2013-06-30,32
2013-07-01,48
2013-07-02,48
2013-07-03,49
2013-07-04,61
2013-07-05,58
2013-07-06,81
2013-07-07,0
2013-07-08,47
2013-07-09,47
2013-07-10,47
2013-07-11,49
2013-07-12,0
2013-07-13,59
2013-07-14,57
2013-07-15,48
2013-07-16,71
2013-07-17,48
2013-07-18,0
2013-07-19,50
2013-07-20,0
2013-07-21,60
2013-07-22,0
2013-07-23,46
2013-07-24,48
2013-07-25,49
2013-07-26,100
2013-07-27,60
2013-07-28,60
2013-07-29,47
2013-07-30,71
2013-07-31,47
2013-08-01,0
2013-08-02,83
2013-08-03,49
2013-08-04,100
2013-08-05,41
2013-08-06,97
2013-08-07,40
2013-08-08,78
2013-08-09,82
2013-08-10,48
2013-08-11,66
2013-08-12,39
2013-08-13,39
2013-08-14,60
2013-08-15,80
2013-08-16,42
2013-08-17,73
2013-08-18,49
2013-08-19,39
2013-08-20,78
2013-08-21,40
2013-08-22,40
2013-08-23,41
2013-08-24,49
2013-08-25,49
2013-08-26,95
2013-08-27,38
2013-08-28,38
2013-08-29,78
2013-08-30,41
2013-08-31,48
2013-09-01,37
2013-09-02,50
2013-09-03,29
2013-09-04,38
2013-09-05,29
2013-09-06,30
2013-09-07,70
2013-09-08,0
2013-09-09,43
2013-09-10,27
2013-09-11,0
2013-09-12,43
2013-09-13,59
2013-09-14,70
2013-09-15,100
2013-09-16,28
2013-09-17,0
2013-09-18,28
2013-09-19,28
2013-09-20,30
2013-09-21,35
2013-09-22,35
2013-09-23,43
2013-09-24,28
2013-09-25,29
2013-09-26,30
2013-09-27,62
2013-09-28,55
2013-09-29,53
2013-09-30,29
2013-10-01,31
2013-10-02,53
2013-10-03,48
2013-10-04,77
2013-10-05,40
2013-10-06,78
2013-10-07,31
2013-10-08,32
2013-10-09,32
2013-10-10,64
2013-10-11,68
2013-10-12,0
2013-10-13,40
2013-10-14,0
2013-10-15,0
2013-10-16,32
2013-10-17,32
2013-10-18,44
2013-10-19,40
2013-10-20,66
2013-10-21,42
2013-10-22,0
2013-10-23,32
2013-10-24,32
2013-10-25,100
2013-10-26,54
2013-10-27,78
2013-10-28,62
2013-10-29,31
2013-10-30,31
2013-10-31,0
2013-11-01,49
2013-11-02,41
2013-11-03,0
2013-11-04,33
2013-11-05,0
2013-11-06,0
2013-11-07,34
2013-11-08,81
2013-11-09,85
2013-11-10,0
2013-11-11,34
2013-11-12,99
2013-11-13,33
2013-11-14,45
2013-11-15,81
2013-11-16,42
2013-11-17,81
2013-11-18,44
2013-11-19,49
2013-11-20,66
2013-11-21,33
2013-11-22,85
2013-11-23,41
2013-11-24,41
2013-11-25,0
2013-11-26,50
2013-11-27,47
2013-11-28,58
2013-11-29,100
2013-11-30,41
2013-12-01,48
2013-12-02,59
2013-12-03,60
2013-12-04,31
2013-12-05,31
2013-12-06,85
2013-12-07,95
2013-12-08,63
2013-12-09,62
2013-12-10,77
2013-12-11,32
2013-12-12,48
2013-12-13,100
2013-12-14,58
2013-12-15,78
2013-12-16,64
2013-12-17,96
2013-12-18,64
2013-12-19,67
2013-12-20,35
2013-12-21,41
2013-12-22,42
2013-12-23,36
2013-12-24,81
2013-12-25,48
2013-12-26,38
2013-12-27,49
2013-12-28,81
2013-12-29,53
2013-12-30,57
2013-12-31,89
2014-01-01,54
2014-01-02,72
2014-01-03,48
2014-01-04,55
2014-01-05,65
2014-01-06,0
2014-01-07,67
2014-01-08,70
2014-01-09,65
2014-01-10,86
2014-01-11,56
2014-01-12,100
2014-01-13,68
2014-01-14,82
2014-01-15,55
2014-01-16,56
2014-01-17,43
2014-01-18,34
2014-01-19,56
2014-01-20,66
2014-01-21,35
2014-01-22,53
2014-01-23,0
2014-01-24,28
2014-01-25,98
2014-01-26,55
2014-01-27,39
2014-01-28,26
2014-01-29,53
2014-01-30,0
2014-01-31,42
2014-02-01,16
2014-02-02,24
2014-02-03,22
2014-02-04,26
2014-02-05,39
2014-02-06,19
2014-02-07,16
2014-02-08,16
2014-02-09,32
2014-02-10,19
2014-02-11,45
2014-02-12,13
2014-02-13,13
2014-02-14,23
2014-02-15,16
2014-02-16,33
2014-02-17,14
2014-02-18,26
2014-02-19,0
2014-02-20,20
2014-02-21,32
2014-02-22,100
2014-02-23,0
2014-02-24,20
2014-02-25,19
2014-02-26,13
2014-02-27,13
2014-02-28,36
2014-03-01,67
2014-03-02,70
2014-03-03,78
2014-03-04,61
2014-03-05,23
2014-03-06,35
2014-03-07,24
2014-03-08,68
2014-03-09,39
2014-03-10,24
2014-03-11,40
2014-03-12,23
2014-03-13,0
2014-03-14,100
2014-03-15,60
2014-03-16,58
2014-03-17,71
2014-03-18,63
2014-03-19,59
2014-03-20,24
2014-03-21,37
2014-03-22,59
2014-03-23,29
2014-03-24,63
2014-03-25,35
2014-03-26,63
2014-03-27,36
2014-03-28,65
2014-03-29,38
2014-03-30,43
2014-03-31,23
2014-04-01,63
2014-04-02,34
2014-04-03,76
2014-04-04,53
2014-04-05,65
2014-04-06,64
2014-04-07,42
2014-04-08,26
2014-04-09,26
2014-04-10,26
2014-04-11,82
2014-04-12,67
2014-04-13,32
2014-04-14,25
2014-04-15,49
2014-04-16,52
2014-04-17,71
2014-04-18,85
2014-04-19,100
2014-04-20,35
2014-04-21,27
2014-04-22,93
2014-04-23,51
2014-04-24,26
2014-04-25,27
2014-04-26,78
2014-04-27,54
2014-04-28,63
2014-04-29,25
2014-04-30,50
2014-05-01,51
2014-05-02,55
2014-05-03,100
2014-05-04,0
2014-05-05,26
2014-05-06,65
2014-05-07,26
2014-05-08,0
2014-05-09,54
2014-05-10,67
2014-05-11,0
2014-05-12,27
2014-05-13,0
2014-05-14,26
2014-05-15,26
2014-05-16,27
2014-05-17,34
2014-05-18,34
2014-05-19,39
2014-05-20,27
2014-05-21,0
2014-05-22,45
2014-05-23,32
2014-05-24,81
2014-05-25,0
2014-05-26,38
2014-05-27,30
2014-05-28,29
2014-05-29,0
2014-05-30,31
2014-05-31,38
2014-06-01,66
2014-06-02,0
2014-06-03,0
2014-06-04,0
2014-06-05,0
2014-06-06,54
2014-06-07,67
2014-06-08,67
2014-06-09,52
2014-06-10,51
2014-06-11,52
2014-06-12,52
2014-06-13,54
2014-06-14,100
2014-06-15,0
2014-06-16,0
2014-06-17,51
2014-06-18,78
2014-06-19,52
2014-06-20,0
2014-06-21,0
2014-06-22,67
2014-06-23,52
2014-06-24,0
2014-06-25,0
2014-06-26,0
2014-06-27,0
2014-06-28,66
2014-06-29,67
2014-06-30,52
2014-07-01,39
2014-07-02,39
2014-07-03,0
2014-07-04,100
2014-07-05,54
2014-07-06,76
2014-07-07,0
2014-07-08,0
2014-07-09,0
2014-07-10,0
2014-07-11,40
2014-07-12,48
2014-07-13,0
2014-07-14,39
2014-07-15,38
2014-07-16,39
2014-07-17,40
2014-07-18,0
2014-07-19,49
2014-07-20,0
2014-07-21,39
2014-07-22,38
2014-07-23,0
2014-07-24,39
2014-07-25,40
2014-07-26,49
2014-07-27,0
2014-07-28,0
2014-07-29,38
2014-07-30,0
2014-07-31,0
2014-08-01,56
2014-08-02,0
2014-08-03,69
2014-08-04,0
2014-08-05,81
2014-08-06,0
2014-08-07,83
2014-08-08,58
2014-08-09,70
2014-08-10,0
2014-08-11,0
2014-08-12,52
2014-08-13,53
2014-08-14,0
2014-08-15,56
2014-08-16,0
2014-08-17,68
2014-08-18,0
2014-08-19,53
2014-08-20,0
2014-08-21,80
2014-08-22,55
2014-08-23,66
2014-08-24,66
2014-08-25,53
2014-08-26,0
2014-08-27,53
2014-08-28,53
2014-08-29,55
2014-08-30,100
2014-08-31,0
2014-09-01,0
2014-09-02,39
2014-09-03,0
2014-09-04,26
2014-09-05,27
2014-09-06,0
2014-09-07,32
2014-09-08,26
2014-09-09,25
2014-09-10,0
2014-09-11,0
2014-09-12,27
2014-09-13,32
2014-09-14,33
2014-09-15,39
2014-09-16,0
2014-09-17,26
2014-09-18,53
2014-09-19,27
2014-09-20,100
2014-09-21,32
2014-09-22,0
2014-09-23,38
2014-09-24,26
2014-09-25,61
2014-09-26,73
2014-09-27,34
2014-09-28,50
2014-09-29,25
2014-09-30,0
2014-10-01,57
2014-10-02,57
2014-10-03,93
2014-10-04,49
2014-10-05,74
2014-10-06,38
2014-10-07,38
2014-10-08,38
2014-10-09,78
2014-10-10,100
2014-10-11,0
2014-10-12,49
2014-10-13,39
2014-10-14,50
2014-10-15,0
2014-10-16,0
2014-10-17,81
2014-10-18,74
2014-10-19,49
2014-10-20,57
2014-10-21,0
2014-10-22,38
2014-10-23,76
2014-10-24,0
2014-10-25,50
2014-10-26,0
2014-10-27,75
2014-10-28,37
2014-10-29,0
2014-10-30,57
2014-10-31,83
2014-11-01,73
2014-11-02,52
2014-11-03,36
2014-11-04,26
2014-11-05,26
2014-11-06,26
2014-11-07,28
2014-11-08,86
2014-11-09,34
2014-11-10,54
2014-11-11,40
2014-11-12,27
2014-11-13,27
2014-11-14,27
2014-11-15,33
2014-11-16,33
2014-11-17,26
2014-11-18,28
2014-11-19,55
2014-11-20,40
2014-11-21,91
2014-11-22,100
2014-11-23,33
2014-11-24,39
2014-11-25,81
2014-11-26,29
2014-11-27,69
2014-11-28,49
2014-11-29,50
2014-11-30,65
2014-12-01,64
2014-12-02,97
2014-12-03,55
2014-12-04,34
2014-12-05,34
2014-12-06,0
2014-12-07,63
2014-12-08,100
2014-12-09,33
2014-12-10,0
2014-12-11,35
2014-12-12,48
2014-12-13,45
2014-12-14,59
2014-12-15,0
2014-12-16,35
2014-12-17,36
2014-12-18,37
2014-12-19,77
2014-12-20,77
2014-12-21,47
2014-12-22,40
2014-12-23,59
2014-12-24,45
2014-12-25,0
2014-12-26,90
2014-12-27,90
2014-12-28,90
2014-12-29,63
2014-12-30,97
2014-12-31,40
2015-01-01,40
2015-01-02,0
2015-01-03,72
2015-01-04,71
2015-01-05,60
2015-01-06,29
2015-01-07,39
2015-01-08,59
2015-01-09,45
2015-01-10,36
2015-01-11,54
2015-01-12,38
2015-01-13,0
2015-01-14,73
2015-01-15,43
2015-01-16,60
2015-01-17,37
2015-01-18,49
2015-01-19,62
2015-01-20,29
2015-01-21,57
2015-01-22,100
2015-01-23,59
2015-01-24,36
2015-01-25,0
2015-01-26,28
2015-01-27,57
2015-01-28,57
2015-01-29,58
2015-01-30,78
2015-01-31,82
2015-02-01,57
2015-02-02,31
2015-02-03,31
2015-02-04,46
2015-02-05,73
2015-02-06,53
2015-02-07,65
2015-02-08,39
2015-02-09,31
2015-02-10,0
2015-02-11,52
2015-02-12,31
2015-02-13,82
2015-02-14,40
2015-02-15,100
2015-02-16,83
2015-02-17,63
2015-02-18,63
2015-02-19,52
2015-02-20,76
2015-02-21,0
2015-02-22,52
2015-02-23,0
2015-02-24,31
2015-02-25,63
2015-02-26,47
2015-02-27,48
2015-02-28,77
2015-03-01,36
2015-03-02,58
2015-03-03,29
2015-03-04,29
2015-03-05,29
2015-03-06,91
2015-03-07,37
2015-03-08,56
2015-03-09,59
2015-03-10,88
2015-03-11,30
2015-03-12,45
2015-03-13,31
2015-03-14,75
2015-03-15,57
2015-03-16,45
2015-03-17,30
2015-03-18,0
2015-03-19,30
2015-03-20,30
2015-03-21,38
2015-03-22,38
2015-03-23,29
2015-03-24,30
2015-03-25,100
2015-03-26,53
2015-03-27,31
2015-03-28,41
2015-03-29,41
2015-03-30,31
2015-03-31,30
2015-04-01,0
2015-04-02,64
2015-04-03,51
2015-04-04,40
2015-04-05,70
2015-04-06,47
2015-04-07,62
2015-04-08,61
2015-04-09,31
2015-04-10,32
2015-04-11,100
2015-04-12,54
2015-04-13,30
2015-04-14,30
2015-04-15,45
2015-04-16,61
2015-04-17,32
2015-04-18,41
2015-04-19,52
2015-04-20,60
2015-04-21,41
2015-04-22,30
2015-04-23,31
2015-04-24,64
2015-04-25,40
2015-04-26,40
2015-04-27,41
2015-04-28,30
2015-04-29,30
2015-04-30,31
2015-05-01,61
2015-05-02,39
2015-05-03,38
2015-05-04,60
2015-05-05,29
2015-05-06,44
2015-05-07,45
2015-05-08,47
2015-05-09,53
2015-05-10,0
2015-05-11,30
2015-05-12,45
2015-05-13,30
2015-05-14,50
2015-05-15,47
2015-05-16,80
2015-05-17,80
2015-05-18,30
2015-05-19,30
2015-05-20,30
2015-05-21,31
2015-05-22,81
2015-05-23,42
2015-05-24,42
2015-05-25,39
2015-05-26,30
2015-05-27,46
2015-05-28,51
2015-05-29,32
2015-05-30,100
2015-05-31,53
2015-06-01,46
2015-06-02,46
2015-06-03,48
2015-06-04,0
2015-06-05,50
2015-06-06,63
2015-06-07,63
2015-06-08,0
2015-06-09,48
2015-06-10,49
2015-06-11,66
2015-06-12,0
2015-06-13,63
2015-06-14,64
2015-06-15,72
2015-06-16,0
2015-06-17,0
2015-06-18,49
2015-06-19,0
2015-06-20,61
2015-06-21,0
2015-06-22,73
2015-06-23,48
2015-06-24,48
2015-06-25,0
2015-06-26,100
2015-06-27,0
2015-06-28,62
2015-06-29,48
2015-06-30,0
2015-07-01,36
2015-07-02,38
2015-07-03,44
2015-07-04,100
2015-07-05,0
2015-07-06,0
2015-07-07,0
2015-07-08,36
2015-07-09,0
2015-07-10,38
2015-07-11,47
2015-07-12,0
2015-07-13,0
2015-07-14,0
2015-07-15,54
2015-07-16,0
2015-07-17,0
2015-07-18,48
2015-07-19,0
2015-07-20,38
2015-07-21,36
2015-07-22,36
2015-07-23,55
2015-07-24,38
2015-07-25,70
2015-07-26,0
2015-07-27,0
2015-07-28,36
2015-07-29,0
2015-07-30,49
2015-07-31,38
2015-08-01,49
2015-08-02,100
2015-08-03,58
2015-08-04,0
2015-08-05,0
2015-08-06,78
2015-08-07,40
2015-08-08,49
2015-08-09,50
2015-08-10,38
2015-08-11,0
2015-08-12,0
2015-08-13,0
2015-08-14,40
2015-08-15,0
2015-08-16,0
2015-08-17,38
2015-08-18,38
2015-08-19,38
2015-08-20,0
2015-08-21,79
2015-08-22,0
2015-08-23,47
2015-08-24,0
2015-08-25,36
2015-08-26,36
2015-08-27,37
2015-08-28,38
2015-08-29,0
2015-08-30,0
2015-08-31,72
2015-09-01,31
2015-09-02,63
2015-09-03,31
2015-09-04,33
2015-09-05,42
2015-09-06,42
2015-09-07,77
2015-09-08,31
2015-09-09,60
2015-09-10,30
2015-09-11,84
2015-09-12,40
2015-09-13,39
2015-09-14,46
2015-09-15,30
2015-09-16,31
2015-09-17,0
2015-09-18,0
2015-09-19,61
2015-09-20,39
2015-09-21,45
2015-09-22,60
2015-09-23,51
2015-09-24,62
2015-09-25,63
2015-09-26,100
2015-09-27,39
2015-09-28,40
2015-09-29,30
2015-09-30,30
2015-10-01,24
2015-10-02,50
2015-10-03,32
2015-10-04,31
2015-10-05,24
2015-10-06,24
2015-10-07,0
2015-10-08,0
2015-10-09,100
2015-10-10,48
2015-10-11,31
2015-10-12,0
2015-10-13,24
2015-10-14,23
2015-10-15,48
2015-10-16,25
2015-10-17,0
2015-10-18,62
2015-10-19,24
2015-10-20,23
2015-10-21,0
2015-10-22,36
2015-10-23,37
2015-10-24,0
2015-10-25,0
2015-10-26,24
2015-10-27,46
2015-10-28,34
2015-10-29,0
2015-10-30,25
2015-10-31,0
2015-11-01,38
2015-11-02,27
2015-11-03,28
2015-11-04,27
2015-11-05,55
2015-11-06,42
2015-11-07,36
2015-11-08,54
2015-11-09,28
2015-11-10,0
2015-11-11,29
2015-11-12,57
2015-11-13,59
2015-11-14,72
2015-11-15,71
2015-11-16,0
2015-11-17,27
2015-11-18,42
2015-11-19,28
2015-11-20,100
2015-11-21,90
2015-11-22,35
2015-11-23,29
2015-11-24,29
2015-11-25,0
2015-11-26,0
2015-11-27,0
2015-11-28,35
2015-11-29,53
2015-11-30,26
2015-12-01,88
2015-12-02,35
2015-12-03,55
2015-12-04,38
2015-12-05,48
2015-12-06,0
2015-12-07,0
2015-12-08,36
2015-12-09,72
2015-12-10,37
2015-12-11,37
2015-12-12,47
2015-12-13,47
2015-12-14,36
2015-12-15,37
2015-12-16,76
2015-12-17,38
2015-12-18,41
2015-12-19,100
2015-12-20,51
2015-12-21,41
2015-12-22,41
2015-12-23,87
2015-12-24,0
2015-12-25,57
2015-12-26,51
2015-12-27,48
2015-12-28,62
2015-12-29,62
2015-12-30,42
2015-12-31,0
2016-01-01,93
2016-01-02,0
2016-01-03,40
2016-01-04,34
2016-01-05,57
2016-01-06,0
2016-01-07,51
2016-01-08,34
2016-01-09,0
2016-01-10,37
2016-01-11,32
2016-01-12,0
2016-01-13,34
2016-01-14,0
2016-01-15,34
2016-01-16,39
2016-01-17,39
2016-01-18,70
2016-01-19,67
2016-01-20,33
2016-01-21,50
2016-01-22,34
2016-01-23,39
2016-01-24,39
2016-01-25,33
2016-01-26,100
2016-01-27,0
2016-01-28,67
2016-01-29,68
2016-01-30,40
2016-01-31,59
2016-02-01,41
2016-02-02,60
2016-02-03,31
2016-02-04,21
2016-02-05,21
2016-02-06,25
2016-02-07,50
2016-02-08,0
2016-02-09,34
2016-02-10,20
2016-02-11,52
2016-02-12,22
2016-02-13,25
2016-02-14,25
2016-02-15,43
2016-02-16,20
2016-02-17,41
2016-02-18,21
2016-02-19,21
2016-02-20,100
2016-02-21,37
2016-02-22,21
2016-02-23,0
2016-02-24,20
2016-02-25,21
2016-02-26,21
2016-02-27,63
2016-02-28,25
2016-02-29,46
2016-03-01,100
2016-03-02,34
2016-03-03,34
2016-03-04,35
2016-03-05,82
2016-03-06,61
2016-03-07,35
2016-03-08,51
2016-03-09,52
2016-03-10,52
2016-03-11,0
2016-03-12,42
2016-03-13,82
2016-03-14,35
2016-03-15,35
2016-03-16,35
2016-03-17,53
2016-03-18,0
2016-03-19,42
2016-03-20,62
2016-03-21,52
2016-03-22,35
2016-03-23,36
2016-03-24,36
2016-03-25,89
2016-03-26,72
2016-03-27,59
2016-03-28,48
2016-03-29,88
2016-03-30,71
2016-03-31,53
2016-04-01,93
2016-04-02,86
2016-04-03,0
2016-04-04,35
2016-04-05,70
2016-04-06,36
2016-04-07,54
2016-04-08,73
2016-04-09,100
2016-04-10,0
2016-04-11,35
2016-04-12,53
2016-04-13,0
2016-04-14,0
2016-04-15,37
2016-04-16,45
2016-04-17,44
2016-04-18,72
2016-04-19,36
2016-04-20,36
2016-04-21,35
2016-04-22,0
2016-04-23,0
2016-04-24,58
2016-04-25,0
2016-04-26,35
2016-04-27,35
2016-04-28,0
2016-04-29,61
2016-04-30,43
2016-05-01,39
2016-05-02,32
2016-05-03,32
2016-05-04,32
2016-05-05,33
2016-05-06,51
2016-05-07,0
2016-05-08,54
2016-05-09,33
2016-05-10,49
2016-05-11,0
2016-05-12,100
2016-05-13,34
2016-05-14,61
2016-05-15,54
2016-05-16,49
2016-05-17,33
2016-05-18,33
2016-05-19,0
2016-05-20,35
2016-05-21,41
2016-05-22,41
2016-05-23,33
2016-05-24,0
2016-05-25,34
2016-05-26,35
2016-05-27,36
2016-05-28,42
2016-05-29,64
2016-05-30,40
2016-05-31,34
2016-06-01,48
2016-06-02,0
2016-06-03,49
2016-06-04,0
2016-06-05,56
2016-06-06,47
2016-06-07,47
2016-06-08,0
2016-06-09,98
2016-06-10,51
2016-06-11,58
2016-06-12,57
2016-06-13,72
2016-06-14,48
2016-06-15,49
2016-06-16,49
2016-06-17,100
2016-06-18,59
2016-06-19,60
2016-06-20,0
2016-06-21,97
2016-06-22,49
2016-06-23,49
2016-06-24,50
2016-06-25,59
2016-06-26,0
2016-06-27,48
2016-06-28,72
2016-06-29,0
2016-06-30,0
2016-07-01,43
2016-07-02,50
2016-07-03,0
2016-07-04,50
2016-07-05,67
2016-07-06,43
2016-07-07,42
2016-07-08,0
2016-07-09,49
2016-07-10,0
2016-07-11,42
2016-07-12,43
2016-07-13,43
2016-07-14,41
2016-07-15,44
2016-07-16,100
2016-07-17,50
2016-07-18,42
2016-07-19,42
2016-07-20,0
2016-07-21,0
2016-07-22,44
2016-07-23,49
2016-07-24,49
2016-07-25,42
2016-07-26,84
2016-07-27,42
2016-07-28,42
2016-07-29,0
2016-07-30,0
2016-07-31,49
2016-08-01,0
2016-08-02,47
2016-08-03,47
2016-08-04,48
2016-08-05,0
2016-08-06,58
2016-08-07,58
2016-08-08,0
2016-08-09,0
2016-08-10,0
2016-08-11,0
2016-08-12,50
2016-08-13,0
2016-08-14,0
2016-08-15,0
2016-08-16,100
2016-08-17,50
2016-08-18,0
2016-08-19,52
2016-08-20,59
2016-08-21,0
2016-08-22,50
2016-08-23,0
2016-08-24,48
2016-08-25,0
2016-08-26,72
2016-08-27,0
2016-08-28,55
2016-08-29,0
2016-08-30,46
2016-08-31,46
2016-09-01,0
2016-09-02,44
2016-09-03,0
2016-09-04,53
2016-09-05,0
2016-09-06,0
2016-09-07,42
2016-09-08,0
2016-09-09,43
2016-09-10,50
2016-09-11,48
2016-09-12,0
2016-09-13,42
2016-09-14,0
2016-09-15,0
2016-09-16,44
2016-09-17,100
2016-09-18,48
2016-09-19,83
2016-09-20,0
2016-09-21,0
2016-09-22,43
2016-09-23,44
2016-09-24,0
2016-09-25,50
2016-09-26,0
2016-09-27,0
2016-09-28,0
2016-09-29,0
2016-09-30,0
2016-10-01,0
2016-10-02,86
2016-10-03,49
2016-10-04,48
2016-10-05,48
2016-10-06,49
2016-10-07,49
2016-10-08,59
2016-10-09,0
2016-10-10,51
2016-10-11,0
2016-10-12,0
2016-10-13,50
2016-10-14,52
2016-10-15,0
2016-10-16,58
2016-10-17,0
2016-10-18,49
2016-10-19,100
2016-10-20,50
2016-10-21,51
2016-10-22,0
2016-10-23,0
2016-10-24,49
2016-10-25,48
2016-10-26,49
2016-10-27,49
2016-10-28,0
2016-10-29,59
2016-10-30,57
2016-10-31,72
2016-11-01,0
2016-11-02,45
2016-11-03,43
2016-11-04,71
2016-11-05,0
2016-11-06,0
2016-11-07,0
2016-11-08,87
2016-11-09,0
2016-11-10,0
2016-11-11,0
2016-11-12,55
2016-11-13,0
2016-11-14,45
2016-11-15,0
2016-11-16,45
2016-11-17,69
2016-11-18,47
2016-11-19,55
2016-11-20,0
2016-11-21,0
2016-11-22,46
2016-11-23,0
2016-11-24,0
2016-11-25,100
2016-11-26,52
2016-11-27,68
2016-11-28,41
2016-11-29,42
2016-11-30,42
2016-12-01,43
2016-12-02,44
2016-12-03,52
2016-12-04,96
2016-12-05,58
2016-12-06,61
2016-12-07,43
2016-12-08,43
2016-12-09,60
2016-12-10,0
2016-12-11,50
2016-12-12,42
2016-12-13,0
2016-12-14,100
2016-12-15,88
2016-12-16,46
2016-12-17,0
2016-12-18,78
2016-12-19,45
2016-12-20,47
2016-12-21,48
2016-12-22,49
2016-12-23,0
2016-12-24,55
2016-12-25,0
2016-12-26,53
2016-12-27,0
2016-12-28,48
2016-12-29,71
2016-12-30,96
2016-12-31,77
2017-01-01,42
2017-01-02,56
2017-01-03,70
2017-01-04,35
2017-01-05,34
2017-01-06,35
2017-01-07,0
2017-01-08,78
2017-01-09,0
2017-01-10,44
2017-01-11,51
2017-01-12,34
2017-01-13,69
2017-01-14,100
2017-01-15,39
2017-01-16,0
2017-01-17,67
2017-01-18,33
2017-01-19,0
2017-01-20,33
2017-01-21,0
2017-01-22,38
2017-01-23,32
2017-01-24,0
2017-01-25,33
2017-01-26,50
2017-01-27,34
2017-01-28,41
2017-01-29,100
2017-01-30,64
2017-01-31,33
2017-02-01,78
2017-02-02,60
2017-02-03,42
2017-02-04,74
2017-02-05,48
2017-02-06,39
2017-02-07,0
2017-02-08,40
2017-02-09,0
2017-02-10,62
2017-02-11,49
2017-02-12,49
2017-02-13,39
2017-02-14,60
2017-02-15,0
2017-02-16,40
2017-02-17,40
2017-02-18,64
2017-02-19,0
2017-02-20,63
2017-02-21,39
2017-02-22,100
2017-02-23,60
2017-02-24,96
2017-02-25,48
2017-02-26,0
2017-02-27,37
2017-02-28,38
2017-03-01,31
2017-03-02,31
2017-03-03,0
2017-03-04,0
2017-03-05,39
2017-03-06,31
2017-03-07,31
2017-03-08,32
2017-03-09,48
2017-03-10,66
2017-03-11,58
2017-03-12,37
2017-03-13,0
2017-03-14,0
2017-03-15,33
2017-03-16,33
2017-03-17,46
2017-03-18,39
2017-03-19,0
2017-03-20,65
2017-03-21,33
2017-03-22,33
2017-03-23,0
2017-03-24,50
2017-03-25,59
2017-03-26,0
2017-03-27,33
2017-03-28,0
2017-03-29,100
2017-03-30,33
2017-03-31,50
2017-04-01,40
2017-04-02,0
2017-04-03,0
2017-04-04,50
2017-04-05,33
2017-04-06,100
2017-04-07,0
2017-04-08,61
2017-04-09,82
2017-04-10,68
2017-04-11,35
2017-04-12,68
2017-04-13,35
2017-04-14,74
2017-04-15,0
2017-04-16,58
2017-04-17,51
2017-04-18,33
2017-04-19,34
2017-04-20,51
2017-04-21,0
2017-04-22,82
2017-04-23,41
2017-04-24,33
2017-04-25,33
2017-04-26,0
2017-04-27,67
2017-04-28,51
2017-04-29,40
2017-04-30,80
2017-05-01,33
2017-05-02,100
2017-05-03,67
2017-05-04,33
2017-05-05,71
2017-05-06,42
2017-05-07,0
2017-05-08,34
2017-05-09,34
2017-05-10,34
2017-05-11,0
2017-05-12,36
2017-05-13,57
2017-05-14,0
2017-05-15,0
2017-05-16,36
2017-05-17,37
2017-05-18,36
2017-05-19,38
2017-05-20,90
2017-05-21,0
2017-05-22,72
2017-05-23,0
2017-05-24,37
2017-05-25,37
2017-05-26,59
2017-05-27,46
2017-05-28,0
2017-05-29,0
2017-05-30,36
2017-05-31,0
2017-06-01,47
2017-06-02,100
2017-06-03,57
2017-06-04,0
2017-06-05,46
2017-06-06,46
2017-06-07,46
2017-06-08,46
2017-06-09,0
2017-06-10,57
2017-06-11,58
2017-06-12,47
2017-06-13,46
2017-06-14,92
2017-06-15,0
2017-06-16,0
2017-06-17,75
2017-06-18,0
2017-06-19,62
2017-06-20,45
2017-06-21,45
2017-06-22,45
2017-06-23,45
2017-06-24,55
2017-06-25,0
2017-06-26,47
2017-06-27,0
2017-06-28,49
2017-06-29,67
2017-06-30,50
2017-07-01,0
2017-07-02,0
2017-07-03,47
2017-07-04,0
2017-07-05,0
2017-07-06,43
2017-07-07,43
2017-07-08,49
2017-07-09,0
2017-07-10,42
2017-07-11,63
2017-07-12,42
2017-07-13,43
2017-07-14,43
2017-07-15,50
2017-07-16,100
2017-07-17,43
2017-07-18,42
2017-07-19,0
2017-07-20,85
2017-07-21,43
2017-07-22,0
2017-07-23,0
2017-07-24,42
2017-07-25,42
2017-07-26,42
2017-07-27,42
2017-07-28,0
2017-07-29,48
2017-07-30,49
2017-07-31,42
2017-08-01,0
2017-08-02,0
2017-08-03,0
2017-08-04,44
2017-08-05,0
2017-08-06,0
2017-08-07,41
2017-08-08,0
2017-08-09,0
2017-08-10,0
2017-08-11,44
2017-08-12,100
2017-08-13,0
2017-08-14,0
2017-08-15,43
2017-08-16,43
2017-08-17,65
2017-08-18,0
2017-08-19,51
2017-08-20,100
2017-08-21,40
2017-08-22,43
2017-08-23,43
2017-08-24,42
2017-08-25,0
2017-08-26,49
2017-08-27,0
2017-08-28,84
2017-08-29,0
2017-08-30,43
2017-08-31,0
2017-09-01,0
2017-09-02,0
2017-09-03,100
2017-09-04,48
2017-09-05,80
2017-09-06,0
2017-09-07,0
2017-09-08,41
2017-09-09,0
2017-09-10,0
2017-09-11,41
2017-09-12,0
2017-09-13,41
2017-09-14,42
2017-09-15,43
2017-09-16,75
2017-09-17,0
2017-09-18,41
2017-09-19,41
2017-09-20,41
2017-09-21,0
2017-09-22,42
2017-09-23,50
2017-09-24,0
2017-09-25,55
2017-09-26,41
2017-09-27,41
2017-09-28,42
2017-09-29,43
2017-09-30,51
2017-10-01,33
2017-10-02,27
2017-10-03,27
2017-10-04,0
2017-10-05,41
2017-10-06,38
2017-10-07,33
2017-10-08,0
2017-10-09,0
2017-10-10,0
2017-10-11,27
2017-10-12,41
2017-10-13,76
2017-10-14,84
2017-10-15,49
2017-10-16,42
2017-10-17,28
2017-10-18,83
2017-10-19,28
2017-10-20,58
2017-10-21,34
2017-10-22,66
2017-10-23,28
2017-10-24,27
2017-10-25,28
2017-10-26,42
2017-10-27,29
2017-10-28,67
2017-10-29,100
2017-10-30,55
2017-10-31,28
2017-11-01,0
2017-11-02,0
2017-11-03,0
2017-11-04,29
2017-11-05,29
2017-11-06,24
2017-11-07,72
2017-11-08,49
2017-11-09,0
2017-11-10,64
2017-11-11,73
2017-11-12,29
2017-11-13,36
2017-11-14,48
2017-11-15,24
2017-11-16,0
2017-11-17,100
2017-11-18,29
2017-11-19,59
2017-11-20,25
2017-11-21,0
2017-11-22,0
2017-11-23,29
2017-11-24,28
2017-11-25,72
2017-11-26,85
2017-11-27,23
2017-11-28,24
2017-11-29,0
2017-11-30,24
2017-12-01,32
2017-12-02,38
2017-12-03,74
2017-12-04,92
2017-12-05,31
2017-12-06,31
2017-12-07,0
2017-12-08,32
2017-12-09,38
2017-12-10,38
2017-12-11,31
2017-12-12,0
2017-12-13,31
2017-12-14,0
2017-12-15,0
2017-12-16,51
2017-12-17,38
2017-12-18,32
2017-12-19,0
2017-12-20,100
2017-12-21,46
2017-12-22,37
2017-12-23,0
2017-12-24,0
2017-12-25,87
2017-12-26,38
2017-12-27,0
2017-12-28,35
2017-12-29,48
2017-12-30,0
2017-12-31,0
2018-01-01,30
2018-01-02,26
2018-01-03,25
2018-01-04,100
2018-01-05,26
2018-01-06,39
2018-01-07,56
2018-01-08,24
2018-01-09,24
2018-01-10,25
2018-01-11,33
2018-01-12,25
2018-01-13,57
2018-01-14,28
2018-01-15,26
2018-01-16,49
2018-01-17,0
2018-01-18,74
2018-01-19,59
2018-01-20,29
2018-01-21,28
2018-01-22,24
2018-01-23,24
2018-01-24,25
2018-01-25,49
2018-01-26,25
2018-01-27,58
2018-01-28,43
2018-01-29,40
2018-01-30,0
2018-01-31,24
2018-02-01,51
2018-02-02,70
2018-02-03,0
2018-02-04,39
2018-02-05,33
2018-02-06,100
2018-02-07,34
2018-02-08,50
2018-02-09,34
2018-02-10,53
2018-02-11,79
2018-02-12,0
2018-02-13,68
2018-02-14,34
2018-02-15,35
2018-02-16,35
2018-02-17,40
2018-02-18,41
2018-02-19,35
2018-02-20,34
2018-02-21,0
2018-02-22,83
2018-02-23,34
2018-02-24,81
2018-02-25,80
2018-02-26,33
2018-02-27,34
2018-02-28,33
2018-03-01,0
2018-03-02,28
2018-03-03,0
2018-03-04,0
2018-03-05,27
2018-03-06,41
2018-03-07,37
2018-03-08,0
2018-03-09,0
2018-03-10,0
2018-03-11,0
2018-03-12,28
2018-03-13,28
2018-03-14,28
2018-03-15,29
2018-03-16,58
2018-03-17,33
2018-03-18,51
2018-03-19,28
2018-03-20,41
2018-03-21,55
2018-03-22,57
2018-03-23,29
2018-03-24,45
2018-03-25,100
2018-03-26,29
2018-03-27,42
2018-03-28,58
2018-03-29,89
2018-03-30,31
2018-03-31,35
2018-04-01,46
2018-04-02,56
2018-04-03,55
2018-04-04,36
2018-04-05,74
2018-04-06,37
2018-04-07,44
2018-04-08,0
2018-04-09,60
2018-04-10,37
2018-04-11,37
2018-04-12,55
2018-04-13,38
2018-04-14,43
2018-04-15,43
2018-04-16,89
2018-04-17,48
2018-04-18,37
2018-04-19,0
2018-04-20,100
2018-04-21,44
2018-04-22,74
2018-04-23,36
2018-04-24,36
2018-04-25,54
2018-04-26,36
2018-04-27,36
2018-04-28,45
2018-04-29,88
2018-04-30,36
2018-05-01,47
2018-05-02,32
2018-05-03,0
2018-05-04,65
2018-05-05,39
2018-05-06,39
2018-05-07,64
2018-05-08,0
2018-05-09,32
2018-05-10,32
2018-05-11,66
2018-05-12,40
2018-05-13,41
2018-05-14,0
2018-05-15,64
2018-05-16,0
2018-05-17,33
2018-05-18,68
2018-05-19,0
2018-05-20,40
2018-05-21,54
2018-05-22,0
2018-05-23,33
2018-05-24,51
2018-05-25,47
2018-05-26,41
2018-05-27,68
2018-05-28,38
2018-05-29,32
2018-05-30,98
2018-05-31,100
2018-06-01,15
2018-06-02,18
2018-06-03,9
2018-06-04,19
2018-06-05,10
2018-06-06,15
2018-06-07,13
2018-06-08,8
2018-06-09,13
2018-06-10,9
2018-06-11,0
2018-06-12,7
2018-06-13,0
2018-06-14,8
2018-06-15,8
2018-06-16,9
2018-06-17,0
2018-06-18,8
2018-06-19,8
2018-06-20,8
2018-06-21,8
2018-06-22,8
2018-06-23,9
2018-06-24,14
2018-06-25,8
2018-06-26,8
2018-06-27,23
2018-06-28,21
2018-06-29,96
2018-06-30,100
2018-07-01,100
2018-07-02,41
2018-07-03,45
2018-07-04,51
2018-07-05,19
2018-07-06,18
2018-07-07,10
2018-07-08,15
2018-07-09,26
2018-07-10,8
2018-07-11,12
2018-07-12,9
2018-07-13,9
2018-07-14,21
2018-07-15,10
2018-07-16,13
2018-07-17,9
2018-07-18,9
2018-07-19,9
2018-07-20,0
2018-07-21,15
2018-07-22,0
2018-07-23,18
2018-07-24,9
2018-07-25,9
2018-07-26,18
2018-07-27,12
2018-07-28,10
2018-07-29,32
2018-07-30,15
2018-07-31,9
2018-08-01,41
2018-08-02,61
2018-08-03,43
2018-08-04,0
2018-08-05,48
2018-08-06,42
2018-08-07,41
2018-08-08,41
2018-08-09,41
2018-08-10,86
2018-08-11,72
2018-08-12,0
2018-08-13,0
2018-08-14,0
2018-08-15,0
2018-08-16,84
2018-08-17,42
2018-08-18,98
2018-08-19,100
2018-08-20,63
2018-08-21,41
2018-08-22,69
2018-08-23,42
2018-08-24,0
2018-08-25,49
2018-08-26,48
2018-08-27,41
2018-08-28,40
2018-08-29,40
2018-08-30,82
2018-08-31,42
2018-09-01,0
2018-09-02,0
2018-09-03,0
2018-09-04,62
2018-09-05,40
2018-09-06,81
2018-09-07,41
2018-09-08,0
2018-09-09,46
2018-09-10,0
2018-09-11,0
2018-09-12,0
2018-09-13,0
2018-09-14,0
2018-09-15,49
2018-09-16,71
2018-09-17,40
2018-09-18,0
2018-09-19,0
2018-09-20,0
2018-09-21,42
2018-09-22,50
2018-09-23,72
2018-09-24,82
2018-09-25,0
2018-09-26,40
2018-09-27,42
2018-09-28,42
2018-09-29,100
2018-09-30,0
2018-10-01,33
2018-10-02,33
2018-10-03,100
2018-10-04,33
2018-10-05,0
2018-10-06,82
2018-10-07,0
2018-10-08,0
2018-10-09,33
2018-10-10,33
2018-10-11,34
2018-10-12,35
2018-10-13,41
2018-10-14,41
2018-10-15,33
2018-10-16,45
2018-10-17,0
2018-10-18,69
2018-10-19,0
2018-10-20,39
2018-10-21,40
2018-10-22,34
2018-10-23,99
2018-10-24,32
2018-10-25,34
2018-10-26,0
2018-10-27,40
2018-10-28,40
2018-10-29,33
2018-10-30,0
2018-10-31,0
2018-11-01,43
2018-11-02,63
2018-11-03,100
2018-11-04,0
2018-11-05,38
2018-11-06,0
2018-11-07,36
2018-11-08,0
2018-11-09,83
2018-11-10,49
2018-11-11,49
2018-11-12,0
2018-11-13,0
2018-11-14,0
2018-11-15,81
2018-11-16,0
2018-11-17,0
2018-11-18,49
2018-11-19,43
2018-11-20,43
2018-11-21,0
2018-11-22,50
2018-11-23,61
2018-11-24,0
2018-11-25,48
2018-11-26,0
2018-11-27,0
2018-11-28,40
2018-11-29,0
2018-11-30,40
2018-12-01,0
2018-12-02,46
2018-12-03,39
2018-12-04,39
2018-12-05,39
2018-12-06,80
2018-12-07,41
2018-12-08,64
2018-12-09,46
2018-12-10,39
2018-12-11,40
2018-12-12,0
2018-12-13,0
2018-12-14,79
2018-12-15,49
2018-12-16,49
2018-12-17,92
2018-12-18,39
2018-12-19,41
2018-12-20,64
2018-12-21,0
2018-12-22,51
2018-12-23,51
2018-12-24,100
2018-12-25,56
2018-12-26,0
2018-12-27,59
2018-12-28,0
2018-12-29,48
2018-12-30,48
2018-12-31,44
2019-01-01,20
2019-01-02,0
2019-01-03,17
2019-01-04,0
2019-01-05,38
2019-01-06,19
2019-01-07,100
2019-01-08,49
2019-01-09,42
2019-01-10,50
2019-01-11,76
2019-01-12,78
2019-01-13,76
2019-01-14,16
2019-01-15,41
2019-01-16,17
2019-01-17,40
2019-01-18,16
2019-01-19,38
2019-01-20,0
2019-01-21,17
2019-01-22,32
2019-01-23,16
2019-01-24,0
2019-01-25,0
2019-01-26,30
2019-01-27,0
2019-01-28,32
2019-01-29,0
2019-01-30,32
2019-01-31,33
2019-02-01,25
2019-02-02,90
2019-02-03,30
2019-02-04,24
2019-02-05,42
2019-02-06,25
2019-02-07,0
2019-02-08,25
2019-02-09,100
2019-02-10,59
2019-02-11,24
2019-02-12,51
2019-02-13,0
2019-02-14,25
2019-02-15,26
2019-02-16,30
2019-02-17,30
2019-02-18,26
2019-02-19,25
2019-02-20,25
2019-02-21,38
2019-02-22,25
2019-02-23,29
2019-02-24,60
2019-02-25,24
2019-02-26,49
2019-02-27,0
2019-02-28,25
2019-03-01,0
2019-03-02,33
2019-03-03,0
2019-03-04,0
2019-03-05,0
2019-03-06,0
2019-03-07,28
2019-03-08,58
2019-03-09,0
2019-03-10,0
2019-03-11,29
2019-03-12,100
2019-03-13,72
2019-03-14,57
2019-03-15,72
2019-03-16,52
2019-03-17,0
2019-03-18,44
2019-03-19,85
2019-03-20,89
2019-03-21,85
2019-03-22,30
2019-03-23,51
2019-03-24,48
2019-03-25,29
2019-03-26,29
2019-03-27,30
2019-03-28,58
2019-03-29,30
2019-03-30,52
2019-03-31,34
2019-04-01,32
2019-04-02,32
2019-04-03,32
2019-04-04,97
2019-04-05,49
2019-04-06,39
2019-04-07,0
2019-04-08,48
2019-04-09,64
2019-04-10,33
2019-04-11,0
2019-04-12,33
2019-04-13,0
2019-04-14,58
2019-04-15,0
2019-04-16,0
2019-04-17,50
2019-04-18,100
2019-04-19,53
2019-04-20,40
2019-04-21,42
2019-04-22,67
2019-04-23,33
2019-04-24,33
2019-04-25,49
2019-04-26,32
2019-04-27,0
2019-04-28,0
2019-04-29,48
2019-04-30,32
2019-05-01,0
2019-05-02,33
2019-05-03,34
2019-05-04,40
2019-05-05,60
2019-05-06,33
2019-05-07,32
2019-05-08,34
2019-05-09,33
2019-05-10,0
2019-05-11,42
2019-05-12,41
2019-05-13,34
2019-05-14,34
2019-05-15,51
2019-05-16,34
2019-05-17,0
2019-05-18,0
2019-05-19,41
2019-05-20,100
2019-05-21,33
2019-05-22,0
2019-05-23,52
2019-05-24,71
2019-05-25,43
2019-05-26,42
2019-05-27,60
2019-05-28,68
2019-05-29,0
2019-05-30,33
2019-05-31,0
2019-06-01,51
2019-06-02,0
2019-06-03,42
2019-06-04,42
2019-06-05,0
2019-06-06,0
2019-06-07,44
2019-06-08,100
2019-06-09,51
2019-06-10,0
2019-06-11,43
2019-06-12,44
2019-06-13,43
2019-06-14,0
2019-06-15,51
2019-06-16,0
2019-06-17,43
2019-06-18,0
2019-06-19,42
2019-06-20,43
2019-06-21,0
2019-06-22,52
2019-06-23,78
2019-06-24,44
2019-06-25,44
2019-06-26,0
2019-06-27,0
2019-06-28,0
2019-06-29,0
2019-06-30,0
2019-07-01,0
2019-07-02,29
2019-07-03,0
2019-07-04,100
2019-07-05,0
2019-07-06,0
2019-07-07,0
2019-07-08,28
2019-07-09,43
2019-07-10,43
2019-07-11,0
2019-07-12,58
2019-07-13,0
2019-07-14,0
2019-07-15,28
2019-07-16,85
2019-07-17,42
2019-07-18,29
2019-07-19,0
2019-07-20,0
2019-07-21,0
2019-07-22,43
2019-07-23,0
2019-07-24,0
2019-07-25,0
2019-07-26,0
2019-07-27,35
2019-07-28,34
2019-07-29,29
2019-07-30,0
2019-07-31,0
2019-08-01,0
2019-08-02,52
2019-08-03,58
2019-08-04,0
2019-08-05,50
2019-08-06,0
2019-08-07,75
2019-08-08,50
2019-08-09,100
2019-08-10,0
2019-08-11,57
2019-08-12,49
2019-08-13,49
2019-08-14,0
2019-08-15,65
2019-08-16,0
2019-08-17,57
2019-08-18,57
2019-08-19,47
2019-08-20,0
2019-08-21,47
2019-08-22,80
2019-08-23,48
2019-08-24,57
2019-08-25,55
2019-08-26,47
2019-08-27,47
2019-08-28,47
2019-08-29,47
2019-08-30,46
2019-08-31,53
2019-09-01,49
2019-09-02,46
2019-09-03,0
2019-09-04,0
2019-09-05,41
2019-09-06,40
2019-09-07,48
2019-09-08,47
2019-09-09,0
2019-09-10,41
2019-09-11,82
2019-09-12,0
2019-09-13,62
2019-09-14,100
2019-09-15,0
2019-09-16,80
2019-09-17,40
2019-09-18,41
2019-09-19,41
2019-09-20,0
2019-09-21,48
2019-09-22,0
2019-09-23,78
2019-09-24,41
2019-09-25,40
2019-09-26,56
2019-09-27,0
2019-09-28,51
2019-09-29,96
2019-09-30,55
2019-10-01,0
2019-10-02,0
2019-10-03,32
2019-10-04,0
2019-10-05,39
2019-10-06,76
2019-10-07,0
2019-10-08,49
2019-10-09,50
2019-10-10,33
2019-10-11,49
2019-10-12,0
2019-10-13,38
2019-10-14,33
2019-10-15,32
2019-10-16,0
2019-10-17,33
2019-10-18,100
2019-10-19,39
2019-10-20,38
2019-10-21,0
2019-10-22,31
2019-10-23,32
2019-10-24,32
2019-10-25,67
2019-10-26,41
2019-10-27,38
2019-10-28,31
2019-10-29,0
2019-10-30,32
2019-10-31,0
2019-11-01,35
2019-11-02,40
2019-11-03,0
2019-11-04,0
2019-11-05,0
2019-11-06,32
2019-11-07,32
2019-11-08,49
2019-11-09,0
2019-11-10,0
2019-11-11,33
2019-11-12,0
2019-11-13,0
2019-11-14,32
2019-11-15,48
2019-11-16,37
2019-11-17,62
2019-11-18,0
2019-11-19,33
2019-11-20,66
2019-11-21,100
2019-11-22,67
2019-11-23,38
2019-11-24,38
2019-11-25,0
2019-11-26,34
2019-11-27,35
2019-11-28,0
2019-11-29,54
2019-11-30,74
2019-12-01,0
2019-12-02,0
2019-12-03,39
2019-12-04,0
2019-12-05,30
2019-12-06,30
2019-12-07,52
2019-12-08,0
2019-12-09,0
2019-12-10,41
2019-12-11,44
2019-12-12,30
2019-12-13,45
2019-12-14,0
2019-12-15,58
2019-12-16,44
2019-12-17,30
2019-12-18,45
2019-12-19,31
2019-12-20,32
2019-12-21,37
2019-12-22,73
2019-12-23,100
2019-12-24,35
2019-12-25,60
2019-12-26,0
2019-12-27,0
2019-12-28,36
2019-12-29,0
2019-12-30,32
2019-12-31,67
2020-01-01,0
2020-01-02,37
2020-01-03,36
2020-01-04,40
2020-01-05,78
2020-01-06,0
2020-01-07,71
2020-01-08,71
2020-01-09,0
2020-01-10,35
2020-01-11,0
2020-01-12,0
2020-01-13,32
2020-01-14,31
2020-01-15,100
2020-01-16,68
2020-01-17,0
2020-01-18,53
2020-01-19,0
2020-01-20,73
2020-01-21,35
2020-01-22,35
2020-01-23,34
2020-01-24,0
2020-01-25,40
2020-01-26,73
2020-01-27,33
2020-01-28,68
2020-01-29,0
2020-01-30,0
2020-01-31,0
2020-02-01,61
2020-02-02,61
2020-02-03,0
2020-02-04,0
2020-02-05,51
2020-02-06,52
2020-02-07,0
2020-02-08,61
2020-02-09,63
2020-02-10,85
2020-02-11,51
2020-02-12,69
2020-02-13,52
2020-02-14,55
2020-02-15,61
2020-02-16,62
2020-02-17,55
2020-02-18,50
2020-02-19,50
2020-02-20,50
2020-02-21,0
2020-02-22,60
2020-02-23,59
2020-02-24,51
2020-02-25,100
2020-02-26,66
2020-02-27,50
2020-02-28,0
2020-02-29,58
2020-03-01,59
2020-03-02,0
2020-03-03,49
2020-03-04,49
2020-03-05,0
2020-03-06,51
2020-03-07,59
2020-03-08,0
2020-03-09,0
2020-03-10,0
2020-03-11,0
2020-03-12,72
2020-03-13,0
2020-03-14,60
2020-03-15,0
2020-03-16,0
2020-03-17,49
2020-03-18,49
2020-03-19,100
2020-03-20,48
2020-03-21,56
2020-03-22,0
2020-03-23,0
2020-03-24,0
2020-03-25,49
2020-03-26,50
2020-03-27,47
2020-03-28,83
2020-03-29,55
2020-03-30,47
2020-03-31,47
2020-04-01,43
2020-04-02,58
2020-04-03,29
2020-04-04,0
2020-04-05,100
2020-04-06,57
2020-04-07,89
2020-04-08,0
2020-04-09,0
2020-04-10,30
2020-04-11,34
2020-04-12,34
2020-04-13,29
2020-04-14,87
2020-04-15,0
2020-04-16,28
2020-04-17,55
2020-04-18,0
2020-04-19,33
2020-04-20,28
2020-04-21,0
2020-04-22,28
2020-04-23,0
2020-04-24,42
2020-04-25,32
2020-04-26,33
2020-04-27,29
2020-04-28,0
2020-04-29,43
2020-04-30,40
2020-05-01,41
2020-05-02,0
2020-05-03,32
2020-05-04,0
2020-05-05,43
2020-05-06,27
2020-05-07,28
2020-05-08,27
2020-05-09,31
2020-05-10,33
2020-05-11,37
2020-05-12,0
2020-05-13,28
2020-05-14,0
2020-05-15,28
2020-05-16,65
2020-05-17,0
2020-05-18,0
2020-05-19,41
2020-05-20,37
2020-05-21,43
2020-05-22,0
2020-05-23,33
2020-05-24,34
2020-05-25,64
2020-05-26,29
2020-05-27,28
2020-05-28,28
2020-05-29,29
2020-05-30,33
2020-05-31,100
2020-06-01,28
2020-06-02,0
2020-06-03,0
2020-06-04,0
2020-06-05,27
2020-06-06,48
2020-06-07,33
2020-06-08,53
2020-06-09,27
2020-06-10,28
2020-06-11,28
2020-06-12,30
2020-06-13,100
2020-06-14,33
2020-06-15,0
2020-06-16,47
2020-06-17,0
2020-06-18,29
2020-06-19,75
2020-06-20,33
2020-06-21,34
2020-06-22,29
2020-06-23,58
2020-06-24,0
2020-06-25,44
2020-06-26,30
2020-06-27,33
2020-06-28,33
2020-06-29,0
2020-06-30,44
2020-07-01,0
2020-07-02,0
