date,Amazon stock_unscaled
2010-07-06,59
2010-07-07,33
2010-07-08,67
2010-07-09,65
2010-07-10,34
2010-07-11,35
2010-07-12,0
2010-07-13,24
2010-07-14,49
2010-07-15,0
2010-07-16,0
2010-07-17,71
2010-07-18,36
2010-07-19,0
2010-07-20,49
2010-07-21,37
2010-07-22,100
2010-07-23,43
2010-07-24,34
2010-07-25,59
2010-07-26,37
2010-07-27,24
2010-07-28,49
2010-07-29,42
2010-07-30,53
2010-07-31,70
2010-08-01,100
2010-08-02,46
2010-08-03,34
2010-08-04,52
2010-08-05,70
2010-08-06,37
2010-08-07,50
2010-08-08,49
2010-08-09,85
2010-08-10,34
2010-08-11,57
2010-08-12,47
2010-08-13,55
2010-08-14,0
2010-08-15,49
2010-08-16,35
2010-08-17,57
2010-08-18,57
2010-08-19,70
2010-08-20,73
2010-08-21,79
2010-08-22,94
2010-08-23,67
2010-08-24,66
2010-08-25,56
2010-08-26,69
2010-08-27,53
2010-08-28,0
2010-08-29,47
2010-08-30,100
2010-08-31,49
2010-09-01,54
2010-09-02,33
2010-09-03,52
2010-09-04,46
2010-09-05,96
2010-09-06,62
2010-09-07,65
2010-09-08,47
2010-09-09,74
2010-09-10,83
2010-09-11,0
2010-09-12,65
2010-09-13,31
2010-09-14,63
2010-09-15,79
2010-09-16,64
2010-09-17,68
2010-09-18,45
2010-09-19,59
2010-09-20,95
2010-09-21,63
2010-09-22,31
2010-09-23,42
2010-09-24,100
2010-09-25,74
2010-09-26,64
2010-09-27,31
2010-09-28,46
2010-09-29,72
2010-09-30,52
2010-10-01,74
2010-10-02,33
2010-10-03,65
2010-10-04,46
2010-10-05,23
2010-10-06,84
2010-10-07,51
2010-10-08,38
2010-10-09,33
2010-10-10,33
2010-10-11,61
2010-10-12,0
2010-10-13,82
2010-10-14,58
2010-10-15,49
2010-10-16,66
2010-10-17,32
2010-10-18,34
2010-10-19,79
2010-10-20,23
2010-10-21,23
2010-10-22,73
2010-10-23,32
2010-10-24,48
2010-10-25,79
2010-10-26,23
2010-10-27,34
2010-10-28,47
2010-10-29,74
2010-10-30,32
2010-10-31,100
2010-11-01,29
2010-11-02,42
2010-11-03,40
2010-11-04,53
2010-11-05,45
2010-11-06,30
2010-11-07,88
2010-11-08,57
2010-11-09,49
2010-11-10,54
2010-11-11,30
2010-11-12,68
2010-11-13,60
2010-11-14,74
2010-11-15,49
2010-11-16,48
2010-11-17,42
2010-11-18,49
2010-11-19,33
2010-11-20,29
2010-11-21,58
2010-11-22,53
2010-11-23,49
2010-11-24,38
2010-11-25,45
2010-11-26,70
2010-11-27,30
2010-11-28,59
2010-11-29,41
2010-11-30,100
2010-12-01,40
2010-12-02,47
2010-12-03,42
2010-12-04,27
2010-12-05,46
2010-12-06,61
2010-12-07,70
2010-12-08,96
2010-12-09,55
2010-12-10,21
2010-12-11,70
2010-12-12,37
2010-12-13,61
2010-12-14,74
2010-12-15,27
2010-12-16,56
2010-12-17,45
2010-12-18,43
2010-12-19,90
2010-12-20,66
2010-12-21,87
2010-12-22,46
2010-12-23,100
2010-12-24,72
2010-12-25,37
2010-12-26,32
2010-12-27,41
2010-12-28,40
2010-12-29,31
2010-12-30,60
2010-12-31,46
2011-01-01,27
2011-01-02,66
2011-01-03,52
2011-01-04,50
2011-01-05,66
2011-01-06,60
2011-01-07,43
2011-01-08,42
2011-01-09,63
2011-01-10,42
2011-01-11,57
2011-01-12,49
2011-01-13,100
2011-01-14,76
2011-01-15,54
2011-01-16,43
2011-01-17,52
2011-01-18,40
2011-01-19,64
2011-01-20,16
2011-01-21,41
2011-01-22,31
2011-01-23,21
2011-01-24,49
2011-01-25,88
2011-01-26,32
2011-01-27,65
2011-01-28,84
2011-01-29,82
2011-01-30,50
2011-01-31,54
2011-02-01,37
2011-02-02,75
2011-02-03,44
2011-02-04,62
2011-02-05,56
2011-02-06,28
2011-02-07,50
2011-02-08,55
2011-02-09,33
2011-02-10,62
2011-02-11,64
2011-02-12,59
2011-02-13,45
2011-02-14,45
2011-02-15,59
2011-02-16,50
2011-02-17,68
2011-02-18,59
2011-02-19,65
2011-02-20,22
2011-02-21,47
2011-02-22,99
2011-02-23,100
2011-02-24,67
2011-02-25,74
2011-02-26,64
2011-02-27,65
2011-02-28,24
2011-03-01,100
2011-03-02,67
2011-03-03,34
2011-03-04,71
2011-03-05,39
2011-03-06,52
2011-03-07,47
2011-03-08,87
2011-03-09,40
2011-03-10,47
2011-03-11,81
2011-03-12,42
2011-03-13,48
2011-03-14,38
2011-03-15,100
2011-03-16,34
2011-03-17,56
2011-03-18,44
2011-03-19,67
2011-03-20,54
2011-03-21,60
2011-03-22,74
2011-03-23,66
2011-03-24,47
2011-03-25,64
2011-03-26,53
2011-03-27,39
2011-03-28,53
2011-03-29,67
2011-03-30,87
2011-03-31,61
2011-04-01,62
2011-04-02,48
2011-04-03,60
2011-04-04,49
2011-04-05,49
2011-04-06,23
2011-04-07,64
2011-04-08,28
2011-04-09,54
2011-04-10,18
2011-04-11,34
2011-04-12,27
2011-04-13,27
2011-04-14,37
2011-04-15,38
2011-04-16,18
2011-04-17,37
2011-04-18,27
2011-04-19,61
2011-04-20,100
2011-04-21,79
2011-04-22,35
2011-04-23,36
2011-04-24,38
2011-04-25,55
2011-04-26,62
2011-04-27,49
2011-04-28,62
2011-04-29,47
2011-04-30,36
2011-05-01,55
2011-05-02,62
2011-05-03,87
2011-05-04,53
2011-05-05,60
2011-05-06,44
2011-05-07,32
2011-05-08,41
2011-05-09,42
2011-05-10,59
2011-05-11,54
2011-05-12,61
2011-05-13,82
2011-05-14,47
2011-05-15,62
2011-05-16,41
2011-05-17,53
2011-05-18,41
2011-05-19,66
2011-05-20,75
2011-05-21,64
2011-05-22,47
2011-05-23,100
2011-05-24,77
2011-05-25,97
2011-05-26,55
2011-05-27,32
2011-05-28,49
2011-05-29,39
2011-05-30,47
2011-05-31,36
2011-06-01,37
2011-06-02,46
2011-06-03,39
2011-06-04,50
2011-06-05,25
2011-06-06,0
2011-06-07,18
2011-06-08,47
2011-06-09,56
2011-06-10,79
2011-06-11,49
2011-06-12,100
2011-06-13,47
2011-06-14,28
2011-06-15,65
2011-06-16,38
2011-06-17,40
2011-06-18,50
2011-06-19,26
2011-06-20,55
2011-06-21,55
2011-06-22,28
2011-06-23,28
2011-06-24,78
2011-06-25,25
2011-06-26,52
2011-06-27,93
2011-06-28,73
2011-06-29,85
2011-06-30,57
2011-07-01,50
2011-07-02,55
2011-07-03,24
2011-07-04,35
2011-07-05,18
2011-07-06,28
2011-07-07,46
2011-07-08,23
2011-07-09,22
2011-07-10,53
2011-07-11,34
2011-07-12,50
2011-07-13,55
2011-07-14,23
2011-07-15,45
2011-07-16,44
2011-07-17,68
2011-07-18,67
2011-07-19,60
2011-07-20,56
2011-07-21,45
2011-07-22,58
2011-07-23,42
2011-07-24,80
2011-07-25,41
2011-07-26,82
2011-07-27,100
2011-07-28,56
2011-07-29,52
2011-07-30,50
2011-07-31,44
2011-08-01,65
2011-08-02,65
2011-08-03,56
2011-08-04,49
2011-08-05,72
2011-08-06,63
2011-08-07,21
2011-08-08,100
2011-08-09,82
2011-08-10,69
2011-08-11,41
2011-08-12,56
2011-08-13,24
2011-08-14,31
2011-08-15,32
2011-08-16,28
2011-08-17,41
2011-08-18,62
2011-08-19,76
2011-08-20,47
2011-08-21,39
2011-08-22,41
2011-08-23,47
2011-08-24,84
2011-08-25,63
2011-08-26,33
2011-08-27,29
2011-08-28,29
2011-08-29,48
2011-08-30,27
2011-08-31,44
2011-09-01,22
2011-09-02,21
2011-09-03,15
2011-09-04,19
2011-09-05,21
2011-09-06,41
2011-09-07,35
2011-09-08,29
2011-09-09,10
2011-09-10,12
2011-09-11,21
2011-09-12,31
2011-09-13,14
2011-09-14,21
2011-09-15,14
2011-09-16,30
2011-09-17,28
2011-09-18,15
2011-09-19,42
2011-09-20,28
2011-09-21,26
2011-09-22,26
2011-09-23,22
2011-09-24,18
2011-09-25,20
2011-09-26,32
2011-09-27,39
2011-09-28,100
2011-09-29,54
2011-09-30,62
2011-10-01,27
2011-10-02,16
2011-10-03,38
2011-10-04,32
2011-10-05,24
2011-10-06,45
2011-10-07,26
2011-10-08,18
2011-10-09,20
2011-10-10,29
2011-10-11,24
2011-10-12,13
2011-10-13,17
2011-10-14,27
2011-10-15,29
2011-10-16,15
2011-10-17,37
2011-10-18,23
2011-10-19,27
2011-10-20,21
2011-10-21,29
2011-10-22,20
2011-10-23,24
2011-10-24,24
2011-10-25,42
2011-10-26,100
2011-10-27,53
2011-10-28,20
2011-10-29,28
2011-10-30,17
2011-10-31,16
2011-11-01,44
2011-11-02,26
2011-11-03,29
2011-11-04,81
2011-11-05,41
2011-11-06,12
2011-11-07,51
2011-11-08,25
2011-11-09,25
2011-11-10,38
2011-11-11,27
2011-11-12,24
2011-11-13,52
2011-11-14,48
2011-11-15,38
2011-11-16,66
2011-11-17,42
2011-11-18,57
2011-11-19,24
2011-11-20,60
2011-11-21,44
2011-11-22,54
2011-11-23,47
2011-11-24,62
2011-11-25,59
2011-11-26,36
2011-11-27,76
2011-11-28,100
2011-11-29,63
2011-11-30,55
2011-12-01,88
2011-12-02,100
2011-12-03,71
2011-12-04,71
2011-12-05,56
2011-12-06,51
2011-12-07,52
2011-12-08,88
2011-12-09,82
2011-12-10,87
2011-12-11,76
2011-12-12,57
2011-12-13,86
2011-12-14,53
2011-12-15,72
2011-12-16,70
2011-12-17,39
2011-12-18,62
2011-12-19,72
2011-12-20,76
2011-12-21,78
2011-12-22,58
2011-12-23,68
2011-12-24,68
2011-12-25,34
2011-12-26,62
2011-12-27,66
2011-12-28,65
2011-12-29,48
2011-12-30,68
2011-12-31,38
2012-01-01,45
2012-01-02,55
2012-01-03,82
2012-01-04,56
2012-01-05,67
2012-01-06,57
2012-01-07,56
2012-01-08,29
2012-01-09,41
2012-01-10,48
2012-01-11,62
2012-01-12,45
2012-01-13,42
2012-01-14,32
2012-01-15,29
2012-01-16,35
2012-01-17,58
2012-01-18,60
2012-01-19,51
2012-01-20,66
2012-01-21,28
2012-01-22,36
2012-01-23,60
2012-01-24,33
2012-01-25,57
2012-01-26,47
2012-01-27,70
2012-01-28,41
2012-01-29,62
2012-01-30,47
2012-01-31,100
2012-02-01,100
2012-02-02,67
2012-02-03,47
2012-02-04,41
2012-02-05,21
2012-02-06,42
2012-02-07,41
2012-02-08,45
2012-02-09,71
2012-02-10,35
2012-02-11,46
2012-02-12,39
2012-02-13,37
2012-02-14,58
2012-02-15,46
2012-02-16,50
2012-02-17,22
2012-02-18,36
2012-02-19,31
2012-02-20,34
2012-02-21,54
2012-02-22,46
2012-02-23,54
2012-02-24,43
2012-02-25,15
2012-02-26,51
2012-02-27,33
2012-02-28,45
2012-02-29,28
2012-03-01,72
2012-03-02,76
2012-03-03,59
2012-03-04,66
2012-03-05,57
2012-03-06,82
2012-03-07,53
2012-03-08,53
2012-03-09,100
2012-03-10,90
2012-03-11,49
2012-03-12,83
2012-03-13,73
2012-03-14,54
2012-03-15,44
2012-03-16,93
2012-03-17,74
2012-03-18,49
2012-03-19,68
2012-03-20,77
2012-03-21,97
2012-03-22,59
2012-03-23,72
2012-03-24,83
2012-03-25,36
2012-03-26,92
2012-03-27,96
2012-03-28,43
2012-03-29,78
2012-03-30,36
2012-03-31,70
2012-04-01,24
2012-04-02,32
2012-04-03,29
2012-04-04,38
2012-04-05,40
2012-04-06,18
2012-04-07,16
2012-04-08,20
2012-04-09,18
2012-04-10,27
2012-04-11,29
2012-04-12,25
2012-04-13,24
2012-04-14,39
2012-04-15,23
2012-04-16,25
2012-04-17,33
2012-04-18,18
2012-04-19,27
2012-04-20,26
2012-04-21,26
2012-04-22,38
2012-04-23,27
2012-04-24,24
2012-04-25,35
2012-04-26,60
2012-04-27,100
2012-04-28,44
2012-04-29,26
2012-04-30,47
2012-05-01,86
2012-05-02,44
2012-05-03,62
2012-05-04,71
2012-05-05,41
2012-05-06,33
2012-05-07,54
2012-05-08,75
2012-05-09,41
2012-05-10,39
2012-05-11,24
2012-05-12,65
2012-05-13,20
2012-05-14,33
2012-05-15,48
2012-05-16,68
2012-05-17,70
2012-05-18,84
2012-05-19,39
2012-05-20,51
2012-05-21,74
2012-05-22,48
2012-05-23,75
2012-05-24,70
2012-05-25,43
2012-05-26,46
2012-05-27,27
2012-05-28,18
2012-05-29,36
2012-05-30,100
2012-05-31,69
2012-06-01,66
2012-06-02,41
2012-06-03,100
2012-06-04,75
2012-06-05,39
2012-06-06,60
2012-06-07,50
2012-06-08,51
2012-06-09,31
2012-06-10,16
2012-06-11,48
2012-06-12,36
2012-06-13,69
2012-06-14,45
2012-06-15,69
2012-06-16,42
2012-06-17,32
2012-06-18,28
2012-06-19,60
2012-06-20,36
2012-06-21,54
2012-06-22,42
2012-06-23,21
2012-06-24,47
2012-06-25,48
2012-06-26,80
2012-06-27,53
2012-06-28,49
2012-06-29,55
2012-06-30,51
2012-07-01,35
2012-07-02,33
2012-07-03,40
2012-07-04,39
2012-07-05,19
2012-07-06,50
2012-07-07,33
2012-07-08,37
2012-07-09,31
2012-07-10,41
2012-07-11,41
2012-07-12,44
2012-07-13,52
2012-07-14,44
2012-07-15,19
2012-07-16,44
2012-07-17,40
2012-07-18,35
2012-07-19,21
2012-07-20,39
2012-07-21,37
2012-07-22,45
2012-07-23,35
2012-07-24,49
2012-07-25,32
2012-07-26,38
2012-07-27,100
2012-07-28,32
2012-07-29,33
2012-07-30,38
2012-07-31,37
2012-08-01,48
2012-08-02,18
2012-08-03,43
2012-08-04,29
2012-08-05,32
2012-08-06,36
2012-08-07,36
2012-08-08,38
2012-08-09,41
2012-08-10,47
2012-08-11,22
2012-08-12,19
2012-08-13,41
2012-08-14,50
2012-08-15,46
2012-08-16,34
2012-08-17,43
2012-08-18,100
2012-08-19,52
2012-08-20,41
2012-08-21,51
2012-08-22,46
2012-08-23,34
2012-08-24,29
2012-08-25,52
2012-08-26,37
2012-08-27,68
2012-08-28,47
2012-08-29,33
2012-08-30,28
2012-08-31,42
2012-09-01,31
2012-09-02,25
2012-09-03,41
2012-09-04,51
2012-09-05,80
2012-09-06,100
2012-09-07,93
2012-09-08,54
2012-09-09,27
2012-09-10,89
2012-09-11,48
2012-09-12,88
2012-09-13,54
2012-09-14,66
2012-09-15,44
2012-09-16,35
2012-09-17,53
2012-09-18,71
2012-09-19,41
2012-09-20,42
2012-09-21,50
2012-09-22,44
2012-09-23,35
2012-09-24,54
2012-09-25,34
2012-09-26,44
2012-09-27,54
2012-09-28,30
2012-09-29,35
2012-09-30,54
2012-10-01,29
2012-10-02,74
2012-10-03,64
2012-10-04,45
2012-10-05,72
2012-10-06,47
2012-10-07,33
2012-10-08,46
2012-10-09,50
2012-10-10,63
2012-10-11,40
2012-10-12,38
2012-10-13,56
2012-10-14,51
2012-10-15,38
2012-10-16,75
2012-10-17,49
2012-10-18,55
2012-10-19,57
2012-10-20,17
2012-10-21,53
2012-10-22,39
2012-10-23,60
2012-10-24,56
2012-10-25,77
2012-10-26,100
2012-10-27,23
2012-10-28,28
2012-10-29,50
2012-10-30,43
2012-10-31,40
2012-11-01,69
2012-11-02,72
2012-11-03,23
2012-11-04,39
2012-11-05,46
2012-11-06,58
2012-11-07,51
2012-11-08,83
2012-11-09,68
2012-11-10,46
2012-11-11,40
2012-11-12,47
2012-11-13,41
2012-11-14,46
2012-11-15,88
2012-11-16,58
2012-11-17,62
2012-11-18,73
2012-11-19,65
2012-11-20,60
2012-11-21,54
2012-11-22,47
2012-11-23,77
2012-11-24,39
2012-11-25,93
2012-11-26,65
2012-11-27,100
2012-11-28,88
2012-11-29,65
2012-11-30,64
2012-12-01,67
2012-12-02,39
2012-12-03,93
2012-12-04,40
2012-12-05,67
2012-12-06,77
2012-12-07,67
2012-12-08,84
2012-12-09,53
2012-12-10,74
2012-12-11,75
2012-12-12,70
2012-12-13,59
2012-12-14,79
2012-12-15,36
2012-12-16,65
2012-12-17,74
2012-12-18,86
2012-12-19,79
2012-12-20,87
2012-12-21,84
2012-12-22,54
2012-12-23,79
2012-12-24,60
2012-12-25,77
2012-12-26,65
2012-12-27,100
2012-12-28,76
2012-12-29,40
2012-12-30,59
2012-12-31,66
2013-01-01,32
2013-01-02,57
2013-01-03,52
2013-01-04,28
2013-01-05,41
2013-01-06,29
2013-01-07,38
2013-01-08,48
2013-01-09,33
2013-01-10,38
2013-01-11,47
2013-01-12,22
2013-01-13,23
2013-01-14,57
2013-01-15,39
2013-01-16,40
2013-01-17,36
2013-01-18,32
2013-01-19,42
2013-01-20,34
2013-01-21,34
2013-01-22,42
2013-01-23,47
2013-01-24,55
2013-01-25,46
2013-01-26,27
2013-01-27,33
2013-01-28,32
2013-01-29,59
2013-01-30,100
2013-01-31,53
2013-02-01,98
2013-02-02,89
2013-02-03,51
2013-02-04,64
2013-02-05,84
2013-02-06,100
2013-02-07,89
2013-02-08,97
2013-02-09,48
2013-02-10,63
2013-02-11,76
2013-02-12,87
2013-02-13,75
2013-02-14,79
2013-02-15,94
2013-02-16,71
2013-02-17,76
2013-02-18,44
2013-02-19,84
2013-02-20,84
2013-02-21,54
2013-02-22,68
2013-02-23,48
2013-02-24,37
2013-02-25,71
2013-02-26,59
2013-02-27,72
2013-02-28,76
2013-03-01,72
2013-03-02,91
2013-03-03,34
2013-03-04,64
2013-03-05,60
2013-03-06,79
2013-03-07,61
2013-03-08,88
2013-03-09,58
2013-03-10,30
2013-03-11,53
2013-03-12,63
2013-03-13,69
2013-03-14,56
2013-03-15,64
2013-03-16,41
2013-03-17,27
2013-03-18,55
2013-03-19,71
2013-03-20,100
2013-03-21,59
2013-03-22,46
2013-03-23,64
2013-03-24,67
2013-03-25,60
2013-03-26,56
2013-03-27,54
2013-03-28,38
2013-03-29,65
2013-03-30,61
2013-03-31,33
2013-04-01,42
2013-04-02,37
2013-04-03,51
2013-04-04,49
2013-04-05,44
2013-04-06,22
2013-04-07,16
2013-04-08,52
2013-04-09,54
2013-04-10,52
2013-04-11,28
2013-04-12,72
2013-04-13,36
2013-04-14,27
2013-04-15,42
2013-04-16,56
2013-04-17,48
2013-04-18,41
2013-04-19,45
2013-04-20,50
2013-04-21,31
2013-04-22,51
2013-04-23,41
2013-04-24,59
2013-04-25,78
2013-04-26,100
2013-04-27,56
2013-04-28,19
2013-04-29,46
2013-04-30,59
2013-05-01,61
2013-05-02,67
2013-05-03,74
2013-05-04,49
2013-05-05,53
2013-05-06,71
2013-05-07,89
2013-05-08,64
2013-05-09,84
2013-05-10,91
2013-05-11,57
2013-05-12,32
2013-05-13,62
2013-05-14,54
2013-05-15,100
2013-05-16,82
2013-05-17,58
2013-05-18,41
2013-05-19,60
2013-05-20,45
2013-05-21,89
2013-05-22,77
2013-05-23,91
2013-05-24,80
2013-05-25,55
2013-05-26,71
2013-05-27,48
2013-05-28,64
2013-05-29,61
2013-05-30,82
2013-05-31,76
2013-06-01,59
2013-06-02,55
2013-06-03,50
2013-06-04,100
2013-06-05,71
2013-06-06,57
2013-06-07,87
2013-06-08,51
2013-06-09,73
2013-06-10,43
2013-06-11,66
2013-06-12,94
2013-06-13,58
2013-06-14,100
2013-06-15,65
2013-06-16,79
2013-06-17,44
2013-06-18,64
2013-06-19,78
2013-06-20,99
2013-06-21,82
2013-06-22,39
2013-06-23,74
2013-06-24,82
2013-06-25,74
2013-06-26,81
2013-06-27,72
2013-06-28,60
2013-06-29,30
2013-06-30,51
2013-07-01,54
2013-07-02,38
2013-07-03,37
2013-07-04,31
2013-07-05,38
2013-07-06,37
2013-07-07,17
2013-07-08,40
2013-07-09,59
2013-07-10,69
2013-07-11,68
2013-07-12,58
2013-07-13,44
2013-07-14,35
2013-07-15,40
2013-07-16,52
2013-07-17,55
2013-07-18,63
2013-07-19,51
2013-07-20,27
2013-07-21,47
2013-07-22,43
2013-07-23,41
2013-07-24,73
2013-07-25,86
2013-07-26,100
2013-07-27,55
2013-07-28,25
2013-07-29,69
2013-07-30,57
2013-07-31,73
2013-08-01,59
2013-08-02,65
2013-08-03,50
2013-08-04,41
2013-08-05,100
2013-08-06,86
2013-08-07,81
2013-08-08,65
2013-08-09,64
2013-08-10,64
2013-08-11,58
2013-08-12,86
2013-08-13,69
2013-08-14,62
2013-08-15,69
2013-08-16,74
2013-08-17,54
2013-08-18,57
2013-08-19,81
2013-08-20,70
2013-08-21,73
2013-08-22,73
2013-08-23,75
2013-08-24,57
2013-08-25,36
2013-08-26,86
2013-08-27,54
2013-08-28,60
2013-08-29,77
2013-08-30,83
2013-08-31,64
2013-09-01,36
2013-09-02,28
2013-09-03,35
2013-09-04,79
2013-09-05,40
2013-09-06,76
2013-09-07,57
2013-09-08,52
2013-09-09,50
2013-09-10,51
2013-09-11,63
2013-09-12,79
2013-09-13,61
2013-09-14,33
2013-09-15,23
2013-09-16,43
2013-09-17,67
2013-09-18,63
2013-09-19,72
2013-09-20,76
2013-09-21,49
2013-09-22,27
2013-09-23,46
2013-09-24,51
2013-09-25,100
2013-09-26,48
2013-09-27,66
2013-09-28,73
2013-09-29,25
2013-09-30,81
2013-10-01,31
2013-10-02,23
2013-10-03,29
2013-10-04,40
2013-10-05,22
2013-10-06,19
2013-10-07,26
2013-10-08,37
2013-10-09,41
2013-10-10,41
2013-10-11,43
2013-10-12,34
2013-10-13,22
2013-10-14,35
2013-10-15,47
2013-10-16,38
2013-10-17,34
2013-10-18,39
2013-10-19,37
2013-10-20,39
2013-10-21,37
2013-10-22,48
2013-10-23,47
2013-10-24,73
2013-10-25,100
2013-10-26,40
2013-10-27,28
2013-10-28,61
2013-10-29,49
2013-10-30,43
2013-10-31,36
2013-11-01,45
2013-11-02,36
2013-11-03,43
2013-11-04,55
2013-11-05,36
2013-11-06,64
2013-11-07,60
2013-11-08,56
2013-11-09,24
2013-11-10,39
2013-11-11,70
2013-11-12,49
2013-11-13,52
2013-11-14,63
2013-11-15,83
2013-11-16,50
2013-11-17,65
2013-11-18,69
2013-11-19,58
2013-11-20,63
2013-11-21,57
2013-11-22,72
2013-11-23,61
2013-11-24,52
2013-11-25,52
2013-11-26,58
2013-11-27,83
2013-11-28,59
2013-11-29,100
2013-11-30,79
2013-12-01,18
2013-12-02,100
2013-12-03,51
2013-12-04,35
2013-12-05,32
2013-12-06,25
2013-12-07,22
2013-12-08,22
2013-12-09,20
2013-12-10,28
2013-12-11,22
2013-12-12,22
2013-12-13,25
2013-12-14,23
2013-12-15,15
2013-12-16,27
2013-12-17,30
2013-12-18,25
2013-12-19,18
2013-12-20,18
2013-12-21,22
2013-12-22,18
2013-12-23,21
2013-12-24,25
2013-12-25,22
2013-12-26,27
2013-12-27,29
2013-12-28,17
2013-12-29,15
2013-12-30,20
2013-12-31,16
2014-01-01,29
2014-01-02,43
2014-01-03,33
2014-01-04,26
2014-01-05,22
2014-01-06,25
2014-01-07,39
2014-01-08,36
2014-01-09,48
2014-01-10,33
2014-01-11,33
2014-01-12,32
2014-01-13,39
2014-01-14,46
2014-01-15,32
2014-01-16,44
2014-01-17,38
2014-01-18,30
2014-01-19,25
2014-01-20,27
2014-01-21,34
2014-01-22,45
2014-01-23,34
2014-01-24,32
2014-01-25,27
2014-01-26,26
2014-01-27,45
2014-01-28,40
2014-01-29,41
2014-01-30,68
2014-01-31,100
2014-02-01,64
2014-02-02,56
2014-02-03,76
2014-02-04,100
2014-02-05,55
2014-02-06,54
2014-02-07,68
2014-02-08,42
2014-02-09,31
2014-02-10,61
2014-02-11,49
2014-02-12,60
2014-02-13,44
2014-02-14,55
2014-02-15,39
2014-02-16,36
2014-02-17,40
2014-02-18,59
2014-02-19,56
2014-02-20,64
2014-02-21,49
2014-02-22,46
2014-02-23,21
2014-02-24,46
2014-02-25,52
2014-02-26,69
2014-02-27,69
2014-02-28,40
2014-03-01,48
2014-03-02,61
2014-03-03,60
2014-03-04,72
2014-03-05,67
2014-03-06,95
2014-03-07,70
2014-03-08,45
2014-03-09,49
2014-03-10,83
2014-03-11,71
2014-03-12,82
2014-03-13,90
2014-03-14,100
2014-03-15,66
2014-03-16,53
2014-03-17,79
2014-03-18,77
2014-03-19,68
2014-03-20,40
2014-03-21,68
2014-03-22,58
2014-03-23,42
2014-03-24,61
2014-03-25,90
2014-03-26,58
2014-03-27,96
2014-03-28,90
2014-03-29,44
2014-03-30,15
2014-03-31,64
2014-04-01,49
2014-04-02,52
2014-04-03,55
2014-04-04,55
2014-04-05,28
2014-04-06,33
2014-04-07,54
2014-04-08,44
2014-04-09,28
2014-04-10,37
2014-04-11,63
2014-04-12,31
2014-04-13,42
2014-04-14,35
2014-04-15,45
2014-04-16,35
2014-04-17,28
2014-04-18,21
2014-04-19,27
2014-04-20,17
2014-04-21,26
2014-04-22,36
2014-04-23,66
2014-04-24,57
2014-04-25,100
2014-04-26,55
2014-04-27,34
2014-04-28,75
2014-04-29,48
2014-04-30,60
2014-05-01,73
2014-05-02,82
2014-05-03,46
2014-05-04,31
2014-05-05,50
2014-05-06,74
2014-05-07,72
2014-05-08,97
2014-05-09,82
2014-05-10,49
2014-05-11,45
2014-05-12,90
2014-05-13,63
2014-05-14,100
2014-05-15,78
2014-05-16,87
2014-05-17,57
2014-05-18,45
2014-05-19,50
2014-05-20,79
2014-05-21,75
2014-05-22,66
2014-05-23,63
2014-05-24,32
2014-05-25,46
2014-05-26,41
2014-05-27,82
2014-05-28,53
2014-05-29,56
2014-05-30,73
2014-05-31,48
2014-06-01,34
2014-06-02,24
2014-06-03,37
2014-06-04,51
2014-06-05,50
2014-06-06,47
2014-06-07,26
2014-06-08,24
2014-06-09,41
2014-06-10,43
2014-06-11,36
2014-06-12,41
2014-06-13,49
2014-06-14,20
2014-06-15,24
2014-06-16,41
2014-06-17,53
2014-06-18,94
2014-06-19,100
2014-06-20,62
2014-06-21,19
2014-06-22,33
2014-06-23,38
2014-06-24,41
2014-06-25,46
2014-06-26,28
2014-06-27,40
2014-06-28,22
2014-06-29,21
2014-06-30,40
2014-07-01,30
2014-07-02,26
2014-07-03,19
2014-07-04,22
2014-07-05,12
2014-07-06,17
2014-07-07,28
2014-07-08,15
2014-07-09,18
2014-07-10,16
2014-07-11,23
2014-07-12,23
2014-07-13,14
2014-07-14,24
2014-07-15,22
2014-07-16,20
2014-07-17,19
2014-07-18,25
2014-07-19,8
2014-07-20,13
2014-07-21,29
2014-07-22,23
2014-07-23,25
2014-07-24,29
2014-07-25,100
2014-07-26,50
2014-07-27,23
2014-07-28,41
2014-07-29,35
2014-07-30,32
2014-07-31,25
2014-08-01,89
2014-08-02,77
2014-08-03,36
2014-08-04,100
2014-08-05,59
2014-08-06,73
2014-08-07,74
2014-08-08,73
2014-08-09,50
2014-08-10,31
2014-08-11,56
2014-08-12,71
2014-08-13,80
2014-08-14,71
2014-08-15,66
2014-08-16,33
2014-08-17,52
2014-08-18,68
2014-08-19,63
2014-08-20,74
2014-08-21,59
2014-08-22,72
2014-08-23,32
2014-08-24,35
2014-08-25,96
2014-08-26,100
2014-08-27,64
2014-08-28,87
2014-08-29,81
2014-08-30,59
2014-08-31,60
2014-09-01,22
2014-09-02,33
2014-09-03,57
2014-09-04,35
2014-09-05,46
2014-09-06,31
2014-09-07,23
2014-09-08,47
2014-09-09,39
2014-09-10,58
2014-09-11,50
2014-09-12,47
2014-09-13,40
2014-09-14,30
2014-09-15,39
2014-09-16,50
2014-09-17,42
2014-09-18,68
2014-09-19,100
2014-09-20,44
2014-09-21,31
2014-09-22,68
2014-09-23,43
2014-09-24,45
2014-09-25,56
2014-09-26,55
2014-09-27,43
2014-09-28,27
2014-09-29,47
2014-09-30,41
2014-10-01,24
2014-10-02,22
2014-10-03,27
2014-10-04,19
2014-10-05,9
2014-10-06,22
2014-10-07,24
2014-10-08,27
2014-10-09,30
2014-10-10,25
2014-10-11,13
2014-10-12,7
2014-10-13,20
2014-10-14,34
2014-10-15,36
2014-10-16,34
2014-10-17,23
2014-10-18,13
2014-10-19,16
2014-10-20,18
2014-10-21,29
2014-10-22,23
2014-10-23,52
2014-10-24,100
2014-10-25,31
2014-10-26,32
2014-10-27,59
2014-10-28,39
2014-10-29,36
2014-10-30,29
2014-10-31,29
2014-11-01,54
2014-11-02,35
2014-11-03,77
2014-11-04,99
2014-11-05,86
2014-11-06,86
2014-11-07,100
2014-11-08,51
2014-11-09,53
2014-11-10,60
2014-11-11,91
2014-11-12,54
2014-11-13,80
2014-11-14,87
2014-11-15,63
2014-11-16,54
2014-11-17,80
2014-11-18,78
2014-11-19,66
2014-11-20,78
2014-11-21,83
2014-11-22,57
2014-11-23,47
2014-11-24,70
2014-11-25,62
2014-11-26,71
2014-11-27,47
2014-11-28,75
2014-11-29,75
2014-11-30,62
2014-12-01,100
2014-12-02,84
2014-12-03,89
2014-12-04,73
2014-12-05,75
2014-12-06,56
2014-12-07,41
2014-12-08,62
2014-12-09,60
2014-12-10,62
2014-12-11,60
2014-12-12,52
2014-12-13,35
2014-12-14,43
2014-12-15,66
2014-12-16,82
2014-12-17,61
2014-12-18,72
2014-12-19,90
2014-12-20,55
2014-12-21,53
2014-12-22,62
2014-12-23,75
2014-12-24,57
2014-12-25,28
2014-12-26,60
2014-12-27,60
2014-12-28,59
2014-12-29,61
2014-12-30,48
2014-12-31,57
2015-01-01,22
2015-01-02,31
2015-01-03,19
2015-01-04,22
2015-01-05,30
2015-01-06,31
2015-01-07,33
2015-01-08,37
2015-01-09,26
2015-01-10,21
2015-01-11,17
2015-01-12,37
2015-01-13,33
2015-01-14,32
2015-01-15,30
2015-01-16,25
2015-01-17,19
2015-01-18,24
2015-01-19,20
2015-01-20,39
2015-01-21,41
2015-01-22,36
2015-01-23,38
2015-01-24,19
2015-01-25,27
2015-01-26,40
2015-01-27,38
2015-01-28,42
2015-01-29,66
2015-01-30,100
2015-01-31,56
2015-02-01,69
2015-02-02,72
2015-02-03,94
2015-02-04,89
2015-02-05,96
2015-02-06,82
2015-02-07,58
2015-02-08,44
2015-02-09,66
2015-02-10,75
2015-02-11,78
2015-02-12,71
2015-02-13,73
2015-02-14,41
2015-02-15,31
2015-02-16,67
2015-02-17,71
2015-02-18,39
2015-02-19,53
2015-02-20,65
2015-02-21,54
2015-02-22,32
2015-02-23,47
2015-02-24,100
2015-02-25,54
2015-02-26,69
2015-02-27,54
2015-02-28,37
2015-03-01,59
2015-03-02,71
2015-03-03,75
2015-03-04,67
2015-03-05,100
2015-03-06,83
2015-03-07,25
2015-03-08,62
2015-03-09,72
2015-03-10,72
2015-03-11,77
2015-03-12,78
2015-03-13,83
2015-03-14,62
2015-03-15,62
2015-03-16,77
2015-03-17,64
2015-03-18,82
2015-03-19,60
2015-03-20,73
2015-03-21,52
2015-03-22,51
2015-03-23,88
2015-03-24,71
2015-03-25,72
2015-03-26,50
2015-03-27,75
2015-03-28,37
2015-03-29,54
2015-03-30,61
2015-03-31,77
2015-04-01,30
2015-04-02,26
2015-04-03,16
2015-04-04,16
2015-04-05,13
2015-04-06,15
2015-04-07,20
2015-04-08,22
2015-04-09,18
2015-04-10,23
2015-04-11,8
2015-04-12,10
2015-04-13,19
2015-04-14,19
2015-04-15,18
2015-04-16,23
2015-04-17,22
2015-04-18,18
2015-04-19,14
2015-04-20,20
2015-04-21,26
2015-04-22,30
2015-04-23,33
2015-04-24,100
2015-04-25,60
2015-04-26,26
2015-04-27,42
2015-04-28,32
2015-04-29,33
2015-04-30,25
2015-05-01,56
2015-05-02,70
2015-05-03,39
2015-05-04,76
2015-05-05,95
2015-05-06,83
2015-05-07,88
2015-05-08,100
2015-05-09,48
2015-05-10,31
2015-05-11,75
2015-05-12,87
2015-05-13,68
2015-05-14,80
2015-05-15,89
2015-05-16,69
2015-05-17,31
2015-05-18,70
2015-05-19,81
2015-05-20,91
2015-05-21,57
2015-05-22,57
2015-05-23,40
2015-05-24,43
2015-05-25,37
2015-05-26,58
2015-05-27,69
2015-05-28,57
2015-05-29,62
2015-05-30,33
2015-05-31,29
2015-06-01,68
2015-06-02,51
2015-06-03,82
2015-06-04,73
2015-06-05,55
2015-06-06,53
2015-06-07,69
2015-06-08,59
2015-06-09,74
2015-06-10,95
2015-06-11,63
2015-06-12,60
2015-06-13,30
2015-06-14,42
2015-06-15,80
2015-06-16,57
2015-06-17,100
2015-06-18,97
2015-06-19,62
2015-06-20,52
2015-06-21,45
2015-06-22,60
2015-06-23,84
2015-06-24,62
2015-06-25,91
2015-06-26,50
2015-06-27,61
2015-06-28,39
2015-06-29,87
2015-06-30,72
2015-07-01,18
2015-07-02,13
2015-07-03,13
2015-07-04,8
2015-07-05,7
2015-07-06,15
2015-07-07,16
2015-07-08,16
2015-07-09,13
2015-07-10,12
2015-07-11,11
2015-07-12,7
2015-07-13,18
2015-07-14,21
2015-07-15,44
2015-07-16,32
2015-07-17,26
2015-07-18,15
2015-07-19,12
2015-07-20,24
2015-07-21,25
2015-07-22,25
2015-07-23,63
2015-07-24,100
2015-07-25,44
2015-07-26,16
2015-07-27,37
2015-07-28,26
2015-07-29,23
2015-07-30,25
2015-07-31,21
2015-08-01,28
2015-08-02,20
2015-08-03,36
2015-08-04,34
2015-08-05,45
2015-08-06,29
2015-08-07,29
2015-08-08,25
2015-08-09,24
2015-08-10,25
2015-08-11,46
2015-08-12,40
2015-08-13,26
2015-08-14,39
2015-08-15,26
2015-08-16,19
2015-08-17,43
2015-08-18,44
2015-08-19,32
2015-08-20,45
2015-08-21,57
2015-08-22,46
2015-08-23,24
2015-08-24,100
2015-08-25,83
2015-08-26,74
2015-08-27,60
2015-08-28,43
2015-08-29,23
2015-08-30,20
2015-08-31,39
2015-09-01,94
2015-09-02,79
2015-09-03,84
2015-09-04,65
2015-09-05,52
2015-09-06,34
2015-09-07,38
2015-09-08,67
2015-09-09,100
2015-09-10,70
2015-09-11,61
2015-09-12,67
2015-09-13,47
2015-09-14,62
2015-09-15,59
2015-09-16,81
2015-09-17,88
2015-09-18,74
2015-09-19,50
2015-09-20,42
2015-09-21,61
2015-09-22,74
2015-09-23,75
2015-09-24,65
2015-09-25,70
2015-09-26,34
2015-09-27,35
2015-09-28,69
2015-09-29,73
2015-09-30,74
2015-10-01,23
2015-10-02,32
2015-10-03,22
2015-10-04,12
2015-10-05,24
2015-10-06,26
2015-10-07,26
2015-10-08,32
2015-10-09,28
2015-10-10,13
2015-10-11,12
2015-10-12,30
2015-10-13,31
2015-10-14,26
2015-10-15,33
2015-10-16,29
2015-10-17,21
2015-10-18,14
2015-10-19,26
2015-10-20,33
2015-10-21,28
2015-10-22,82
2015-10-23,100
2015-10-24,31
2015-10-25,26
2015-10-26,43
2015-10-27,42
2015-10-28,42
2015-10-29,40
2015-10-30,46
2015-10-31,18
2015-11-01,24
2015-11-02,70
2015-11-03,57
2015-11-04,77
2015-11-05,82
2015-11-06,83
2015-11-07,36
2015-11-08,35
2015-11-09,62
2015-11-10,71
2015-11-11,84
2015-11-12,74
2015-11-13,86
2015-11-14,29
2015-11-15,37
2015-11-16,68
2015-11-17,75
2015-11-18,52
2015-11-19,77
2015-11-20,79
2015-11-21,46
2015-11-22,28
2015-11-23,68
2015-11-24,81
2015-11-25,65
2015-11-26,40
2015-11-27,56
2015-11-28,61
2015-11-29,45
2015-11-30,100
2015-12-01,88
2015-12-02,75
2015-12-03,87
2015-12-04,90
2015-12-05,61
2015-12-06,39
2015-12-07,75
2015-12-08,94
2015-12-09,74
2015-12-10,60
2015-12-11,70
2015-12-12,44
2015-12-13,38
2015-12-14,58
2015-12-15,82
2015-12-16,82
2015-12-17,82
2015-12-18,87
2015-12-19,48
2015-12-20,41
2015-12-21,61
2015-12-22,79
2015-12-23,78
2015-12-24,65
2015-12-25,46
2015-12-26,46
2015-12-27,61
2015-12-28,73
2015-12-29,100
2015-12-30,89
2015-12-31,82
2016-01-01,17
2016-01-02,15
2016-01-03,17
2016-01-04,41
2016-01-05,38
2016-01-06,35
2016-01-07,43
2016-01-08,38
2016-01-09,16
2016-01-10,17
2016-01-11,36
2016-01-12,28
2016-01-13,38
2016-01-14,37
2016-01-15,36
2016-01-16,19
2016-01-17,11
2016-01-18,20
2016-01-19,31
2016-01-20,45
2016-01-21,32
2016-01-22,23
2016-01-23,16
2016-01-24,10
2016-01-25,26
2016-01-26,29
2016-01-27,36
2016-01-28,80
2016-01-29,100
2016-01-30,32
2016-01-31,18
2016-02-01,83
2016-02-02,93
2016-02-03,99
2016-02-04,89
2016-02-05,87
2016-02-06,49
2016-02-07,31
2016-02-08,100
2016-02-09,86
2016-02-10,94
2016-02-11,98
2016-02-12,80
2016-02-13,38
2016-02-14,30
2016-02-15,41
2016-02-16,64
2016-02-17,73
2016-02-18,69
2016-02-19,61
2016-02-20,35
2016-02-21,35
2016-02-22,65
2016-02-23,75
2016-02-24,56
2016-02-25,67
2016-02-26,57
2016-02-27,45
2016-02-28,26
2016-02-29,48
2016-03-01,76
2016-03-02,100
2016-03-03,58
2016-03-04,66
2016-03-05,27
2016-03-06,32
2016-03-07,69
2016-03-08,65
2016-03-09,71
2016-03-10,72
2016-03-11,74
2016-03-12,33
2016-03-13,33
2016-03-14,45
2016-03-15,53
2016-03-16,52
2016-03-17,66
2016-03-18,58
2016-03-19,29
2016-03-20,30
2016-03-21,55
2016-03-22,72
2016-03-23,66
2016-03-24,71
2016-03-25,60
2016-03-26,27
2016-03-27,18
2016-03-28,61
2016-03-29,56
2016-03-30,63
2016-03-31,62
2016-04-01,27
2016-04-02,14
2016-04-03,14
2016-04-04,26
2016-04-05,22
2016-04-06,27
2016-04-07,29
2016-04-08,23
2016-04-09,12
2016-04-10,12
2016-04-11,28
2016-04-12,23
2016-04-13,27
2016-04-14,28
2016-04-15,28
2016-04-16,10
2016-04-17,16
2016-04-18,38
2016-04-19,36
2016-04-20,32
2016-04-21,28
2016-04-22,31
2016-04-23,14
2016-04-24,11
2016-04-25,27
2016-04-26,30
2016-04-27,32
2016-04-28,82
2016-04-29,100
2016-04-30,30
2016-05-01,34
2016-05-02,75
2016-05-03,78
2016-05-04,66
2016-05-05,57
2016-05-06,62
2016-05-07,35
2016-05-08,24
2016-05-09,59
2016-05-10,93
2016-05-11,100
2016-05-12,94
2016-05-13,94
2016-05-14,47
2016-05-15,33
2016-05-16,84
2016-05-17,83
2016-05-18,84
2016-05-19,65
2016-05-20,57
2016-05-21,26
2016-05-22,25
2016-05-23,50
2016-05-24,74
2016-05-25,50
2016-05-26,65
2016-05-27,46
2016-05-28,24
2016-05-29,13
2016-05-30,31
2016-05-31,44
2016-06-01,51
2016-06-02,54
2016-06-03,47
2016-06-04,28
2016-06-05,26
2016-06-06,45
2016-06-07,47
2016-06-08,61
2016-06-09,41
2016-06-10,39
2016-06-11,28
2016-06-12,16
2016-06-13,43
2016-06-14,40
2016-06-15,46
2016-06-16,49
2016-06-17,33
2016-06-18,31
2016-06-19,27
2016-06-20,39
2016-06-21,43
2016-06-22,41
2016-06-23,33
2016-06-24,100
2016-06-25,44
2016-06-26,26
2016-06-27,64
2016-06-28,61
2016-06-29,52
2016-06-30,39
2016-07-01,41
2016-07-02,29
2016-07-03,24
2016-07-04,18
2016-07-05,45
2016-07-06,47
2016-07-07,36
2016-07-08,43
2016-07-09,32
2016-07-10,25
2016-07-11,58
2016-07-12,96
2016-07-13,76
2016-07-14,53
2016-07-15,58
2016-07-16,26
2016-07-17,18
2016-07-18,50
2016-07-19,49
2016-07-20,53
2016-07-21,40
2016-07-22,44
2016-07-23,28
2016-07-24,27
2016-07-25,42
2016-07-26,61
2016-07-27,56
2016-07-28,94
2016-07-29,100
2016-07-30,34
2016-07-31,22
2016-08-01,87
2016-08-02,100
2016-08-03,85
2016-08-04,84
2016-08-05,98
2016-08-06,32
2016-08-07,37
2016-08-08,83
2016-08-09,84
2016-08-10,75
2016-08-11,85
2016-08-12,68
2016-08-13,39
2016-08-14,31
2016-08-15,53
2016-08-16,59
2016-08-17,69
2016-08-18,54
2016-08-19,48
2016-08-20,28
2016-08-21,29
2016-08-22,51
2016-08-23,51
2016-08-24,70
2016-08-25,62
2016-08-26,51
2016-08-27,49
2016-08-28,33
2016-08-29,62
2016-08-30,74
2016-08-31,53
2016-09-01,48
2016-09-02,47
2016-09-03,32
2016-09-04,28
2016-09-05,26
2016-09-06,72
2016-09-07,63
2016-09-08,55
2016-09-09,53
2016-09-10,36
2016-09-11,25
2016-09-12,58
2016-09-13,54
2016-09-14,55
2016-09-15,57
2016-09-16,67
2016-09-17,28
2016-09-18,21
2016-09-19,48
2016-09-20,59
2016-09-21,48
2016-09-22,80
2016-09-23,86
2016-09-24,33
2016-09-25,29
2016-09-26,59
2016-09-27,82
2016-09-28,96
2016-09-29,100
2016-09-30,97
2016-10-01,16
2016-10-02,16
2016-10-03,31
2016-10-04,34
2016-10-05,38
2016-10-06,37
2016-10-07,26
2016-10-08,11
2016-10-09,12
2016-10-10,26
2016-10-11,37
2016-10-12,33
2016-10-13,36
2016-10-14,26
2016-10-15,17
2016-10-16,10
2016-10-17,32
2016-10-18,29
2016-10-19,31
2016-10-20,35
2016-10-21,28
2016-10-22,16
2016-10-23,11
2016-10-24,32
2016-10-25,39
2016-10-26,37
2016-10-27,69
2016-10-28,100
2016-10-29,28
2016-10-30,16
2016-10-31,35
2016-11-01,53
2016-11-02,51
2016-11-03,46
2016-11-04,59
2016-11-05,24
2016-11-06,21
2016-11-07,48
2016-11-08,55
2016-11-09,93
2016-11-10,100
2016-11-11,76
2016-11-12,34
2016-11-13,30
2016-11-14,70
2016-11-15,76
2016-11-16,68
2016-11-17,66
2016-11-18,66
2016-11-19,28
2016-11-20,30
2016-11-21,53
2016-11-22,73
2016-11-23,65
2016-11-24,38
2016-11-25,50
2016-11-26,33
2016-11-27,31
2016-11-28,65
2016-11-29,72
2016-11-30,57
2016-12-01,80
2016-12-02,82
2016-12-03,42
2016-12-04,35
2016-12-05,83
2016-12-06,100
2016-12-07,89
2016-12-08,89
2016-12-09,75
2016-12-10,46
2016-12-11,36
2016-12-12,66
2016-12-13,82
2016-12-14,88
2016-12-15,80
2016-12-16,66
2016-12-17,46
2016-12-18,47
2016-12-19,74
2016-12-20,89
2016-12-21,72
2016-12-22,60
2016-12-23,78
2016-12-24,35
2016-12-25,30
2016-12-26,57
2016-12-27,70
2016-12-28,69
2016-12-29,70
2016-12-30,58
2016-12-31,49
2017-01-01,21
2017-01-02,31
2017-01-03,61
2017-01-04,51
2017-01-05,59
2017-01-06,76
2017-01-07,37
2017-01-08,38
2017-01-09,67
2017-01-10,59
2017-01-11,64
2017-01-12,94
2017-01-13,100
2017-01-14,53
2017-01-15,33
2017-01-16,48
2017-01-17,63
2017-01-18,70
2017-01-19,64
2017-01-20,66
2017-01-21,34
2017-01-22,31
2017-01-23,60
2017-01-24,68
2017-01-25,100
2017-01-26,93
2017-01-27,72
2017-01-28,42
2017-01-29,33
2017-01-30,71
2017-01-31,78
2017-02-01,54
2017-02-02,89
2017-02-03,100
2017-02-04,33
2017-02-05,23
2017-02-06,46
2017-02-07,49
2017-02-08,46
2017-02-09,51
2017-02-10,45
2017-02-11,27
2017-02-12,23
2017-02-13,47
2017-02-14,46
2017-02-15,55
2017-02-16,49
2017-02-17,45
2017-02-18,24
2017-02-19,17
2017-02-20,21
2017-02-21,48
2017-02-22,54
2017-02-23,52
2017-02-24,45
2017-02-25,17
2017-02-26,18
2017-02-27,35
2017-02-28,69
2017-03-01,94
2017-03-02,71
2017-03-03,77
2017-03-04,44
2017-03-05,42
2017-03-06,63
2017-03-07,70
2017-03-08,61
2017-03-09,58
2017-03-10,66
2017-03-11,39
2017-03-12,37
2017-03-13,59
2017-03-14,50
2017-03-15,65
2017-03-16,60
2017-03-17,55
2017-03-18,27
2017-03-19,21
2017-03-20,54
2017-03-21,65
2017-03-22,63
2017-03-23,55
2017-03-24,51
2017-03-25,39
2017-03-26,33
2017-03-27,55
2017-03-28,53
2017-03-29,72
2017-03-30,100
2017-03-31,94
2017-04-01,25
2017-04-02,23
2017-04-03,47
2017-04-04,60
2017-04-05,77
2017-04-06,62
2017-04-07,46
2017-04-08,24
2017-04-09,24
2017-04-10,47
2017-04-11,52
2017-04-12,47
2017-04-13,40
2017-04-14,30
2017-04-15,20
2017-04-16,18
2017-04-17,42
2017-04-18,47
2017-04-19,43
2017-04-20,44
2017-04-21,35
2017-04-22,23
2017-04-23,19
2017-04-24,44
2017-04-25,57
2017-04-26,46
2017-04-27,97
2017-04-28,100
2017-04-29,39
2017-04-30,28
2017-05-01,64
2017-05-02,60
2017-05-03,51
2017-05-04,48
2017-05-05,50
2017-05-06,27
2017-05-07,23
2017-05-08,48
2017-05-09,57
2017-05-10,53
2017-05-11,53
2017-05-12,48
2017-05-13,25
2017-05-14,22
2017-05-15,59
2017-05-16,66
2017-05-17,63
2017-05-18,65
2017-05-19,53
2017-05-20,31
2017-05-21,21
2017-05-22,38
2017-05-23,46
2017-05-24,52
2017-05-25,82
2017-05-26,75
2017-05-27,25
2017-05-28,20
2017-05-29,26
2017-05-30,100
2017-05-31,95
2017-06-01,20
2017-06-02,22
2017-06-03,13
2017-06-04,9
2017-06-05,19
2017-06-06,19
2017-06-07,17
2017-06-08,18
2017-06-09,24
2017-06-10,13
2017-06-11,6
2017-06-12,22
2017-06-13,21
2017-06-14,17
2017-06-15,18
2017-06-16,100
2017-06-17,41
2017-06-18,18
2017-06-19,36
2017-06-20,30
2017-06-21,27
2017-06-22,22
2017-06-23,21
2017-06-24,10
2017-06-25,9
2017-06-26,16
2017-06-27,20
2017-06-28,22
2017-06-29,21
2017-06-30,18
2017-07-01,13
2017-07-02,11
2017-07-03,37
2017-07-04,49
2017-07-05,31
2017-07-06,28
2017-07-07,25
2017-07-08,11
2017-07-09,11
2017-07-10,34
2017-07-11,37
2017-07-12,36
2017-07-13,32
2017-07-14,28
2017-07-15,13
2017-07-16,12
2017-07-17,30
2017-07-18,37
2017-07-19,30
2017-07-20,30
2017-07-21,31
2017-07-22,16
2017-07-23,10
2017-07-24,31
2017-07-25,35
2017-07-26,37
2017-07-27,100
2017-07-28,89
2017-07-29,27
2017-07-30,16
2017-07-31,43
2017-08-01,100
2017-08-02,94
2017-08-03,81
2017-08-04,74
2017-08-05,34
2017-08-06,25
2017-08-07,65
2017-08-08,67
2017-08-09,61
2017-08-10,67
2017-08-11,65
2017-08-12,31
2017-08-13,25
2017-08-14,60
2017-08-15,60
2017-08-16,81
2017-08-17,81
2017-08-18,61
2017-08-19,29
2017-08-20,22
2017-08-21,42
2017-08-22,52
2017-08-23,55
2017-08-24,68
2017-08-25,72
2017-08-26,33
2017-08-27,25
2017-08-28,70
2017-08-29,69
2017-08-30,55
2017-08-31,58
2017-09-01,94
2017-09-02,45
2017-09-03,35
2017-09-04,36
2017-09-05,74
2017-09-06,80
2017-09-07,83
2017-09-08,88
2017-09-09,35
2017-09-10,28
2017-09-11,71
2017-09-12,81
2017-09-13,85
2017-09-14,100
2017-09-15,82
2017-09-16,43
2017-09-17,32
2017-09-18,73
2017-09-19,82
2017-09-20,89
2017-09-21,87
2017-09-22,79
2017-09-23,32
2017-09-24,35
2017-09-25,71
2017-09-26,82
2017-09-27,86
2017-09-28,82
2017-09-29,85
2017-09-30,37
2017-10-01,9
2017-10-02,17
2017-10-03,17
2017-10-04,20
2017-10-05,26
2017-10-06,21
2017-10-07,13
2017-10-08,9
2017-10-09,20
2017-10-10,18
2017-10-11,23
2017-10-12,24
2017-10-13,25
2017-10-14,11
2017-10-15,9
2017-10-16,20
2017-10-17,20
2017-10-18,22
2017-10-19,20
2017-10-20,23
2017-10-21,12
2017-10-22,11
2017-10-23,19
2017-10-24,19
2017-10-25,22
2017-10-26,44
2017-10-27,100
2017-10-28,40
2017-10-29,21
2017-10-30,42
2017-10-31,30
2017-11-01,60
2017-11-02,61
2017-11-03,56
2017-11-04,32
2017-11-05,35
2017-11-06,57
2017-11-07,68
2017-11-08,61
2017-11-09,57
2017-11-10,49
2017-11-11,27
2017-11-12,26
2017-11-13,48
2017-11-14,60
2017-11-15,57
2017-11-16,62
2017-11-17,53
2017-11-18,27
2017-11-19,23
2017-11-20,48
2017-11-21,50
2017-11-22,57
2017-11-23,37
2017-11-24,57
2017-11-25,66
2017-11-26,46
2017-11-27,87
2017-11-28,89
2017-11-29,100
2017-11-30,83
2017-12-01,100
2017-12-02,50
2017-12-03,37
2017-12-04,99
2017-12-05,90
2017-12-06,90
2017-12-07,85
2017-12-08,84
2017-12-09,44
2017-12-10,45
2017-12-11,76
2017-12-12,77
2017-12-13,72
2017-12-14,82
2017-12-15,81
2017-12-16,48
2017-12-17,33
2017-12-18,83
2017-12-19,76
2017-12-20,78
2017-12-21,70
2017-12-22,60
2017-12-23,44
2017-12-24,32
2017-12-25,33
2017-12-26,85
2017-12-27,99
2017-12-28,73
2017-12-29,88
2017-12-30,48
2017-12-31,37
2018-01-01,19
2018-01-02,54
2018-01-03,56
2018-01-04,55
2018-01-05,45
2018-01-06,31
2018-01-07,20
2018-01-08,45
2018-01-09,58
2018-01-10,61
2018-01-11,55
2018-01-12,72
2018-01-13,33
2018-01-14,24
2018-01-15,33
2018-01-16,60
2018-01-17,58
2018-01-18,64
2018-01-19,52
2018-01-20,34
2018-01-21,24
2018-01-22,59
2018-01-23,72
2018-01-24,69
2018-01-25,63
2018-01-26,80
2018-01-27,43
2018-01-28,32
2018-01-29,66
2018-01-30,93
2018-01-31,100
2018-02-01,80
2018-02-02,100
2018-02-03,31
2018-02-04,17
2018-02-05,67
2018-02-06,92
2018-02-07,55
2018-02-08,64
2018-02-09,75
2018-02-10,28
2018-02-11,17
2018-02-12,44
2018-02-13,46
2018-02-14,46
2018-02-15,43
2018-02-16,40
2018-02-17,17
2018-02-18,12
2018-02-19,16
2018-02-20,35
2018-02-21,43
2018-02-22,41
2018-02-23,40
2018-02-24,17
2018-02-25,14
2018-02-26,40
2018-02-27,43
2018-02-28,42
2018-03-01,41
2018-03-02,42
2018-03-03,19
2018-03-04,11
2018-03-05,34
2018-03-06,39
2018-03-07,42
2018-03-08,39
2018-03-09,47
2018-03-10,20
2018-03-11,17
2018-03-12,42
2018-03-13,45
2018-03-14,38
2018-03-15,39
2018-03-16,38
2018-03-17,14
2018-03-18,14
2018-03-19,41
2018-03-20,43
2018-03-21,41
2018-03-22,46
2018-03-23,41
2018-03-24,17
2018-03-25,13
2018-03-26,45
2018-03-27,44
2018-03-28,94
2018-03-29,100
2018-03-30,46
2018-03-31,22
2018-04-01,16
2018-04-02,100
2018-04-03,96
2018-04-04,64
2018-04-05,57
2018-04-06,54
2018-04-07,19
2018-04-08,13
2018-04-09,37
2018-04-10,42
2018-04-11,36
2018-04-12,37
2018-04-13,31
2018-04-14,11
2018-04-15,11
2018-04-16,30
2018-04-17,40
2018-04-18,45
2018-04-19,49
2018-04-20,42
2018-04-21,15
2018-04-22,15
2018-04-23,32
2018-04-24,40
2018-04-25,45
2018-04-26,74
2018-04-27,86
2018-04-28,25
2018-04-29,17
2018-04-30,40
2018-05-01,95
2018-05-02,100
2018-05-03,91
2018-05-04,91
2018-05-05,33
2018-05-06,29
2018-05-07,93
2018-05-08,88
2018-05-09,96
2018-05-10,92
2018-05-11,91
2018-05-12,35
2018-05-13,28
2018-05-14,74
2018-05-15,83
2018-05-16,91
2018-05-17,66
2018-05-18,67
2018-05-19,27
2018-05-20,30
2018-05-21,74
2018-05-22,74
2018-05-23,66
2018-05-24,77
2018-05-25,70
2018-05-26,29
2018-05-27,25
2018-05-28,27
2018-05-29,67
2018-05-30,72
2018-05-31,76
2018-06-01,63
2018-06-02,34
2018-06-03,21
2018-06-04,71
2018-06-05,77
2018-06-06,100
2018-06-07,73
2018-06-08,68
2018-06-09,24
2018-06-10,28
2018-06-11,66
2018-06-12,76
2018-06-13,75
2018-06-14,79
2018-06-15,74
2018-06-16,27
2018-06-17,20
2018-06-18,68
2018-06-19,80
2018-06-20,85
2018-06-21,95
2018-06-22,73
2018-06-23,30
2018-06-24,22
2018-06-25,75
2018-06-26,75
2018-06-27,72
2018-06-28,99
2018-06-29,100
2018-06-30,38
2018-07-01,11
2018-07-02,27
2018-07-03,28
2018-07-04,13
2018-07-05,30
2018-07-06,26
2018-07-07,13
2018-07-08,11
2018-07-09,33
2018-07-10,34
2018-07-11,30
2018-07-12,38
2018-07-13,44
2018-07-14,20
2018-07-15,14
2018-07-16,66
2018-07-17,69
2018-07-18,55
2018-07-19,45
2018-07-20,37
2018-07-21,16
2018-07-22,11
2018-07-23,38
2018-07-24,41
2018-07-25,48
2018-07-26,100
2018-07-27,93
2018-07-28,22
2018-07-29,15
2018-07-30,49
2018-07-31,47
2018-08-01,59
2018-08-02,59
2018-08-03,55
2018-08-04,21
2018-08-05,15
2018-08-06,44
2018-08-07,50
2018-08-08,56
2018-08-09,54
2018-08-10,49
2018-08-11,23
2018-08-12,17
2018-08-13,45
2018-08-14,57
2018-08-15,59
2018-08-16,59
2018-08-17,53
2018-08-18,20
2018-08-19,16
2018-08-20,42
2018-08-21,42
2018-08-22,44
2018-08-23,51
2018-08-24,43
2018-08-25,18
2018-08-26,16
2018-08-27,45
2018-08-28,55
2018-08-29,79
2018-08-30,100
2018-08-31,73
2018-09-01,27
2018-09-02,24
2018-09-03,22
2018-09-04,92
2018-09-05,100
2018-09-06,85
2018-09-07,64
2018-09-08,26
2018-09-09,19
2018-09-10,51
2018-09-11,57
2018-09-12,62
2018-09-13,63
2018-09-14,52
2018-09-15,21
2018-09-16,17
2018-09-17,55
2018-09-18,67
2018-09-19,56
2018-09-20,57
2018-09-21,54
2018-09-22,19
2018-09-23,16
2018-09-24,47
2018-09-25,55
2018-09-26,53
2018-09-27,59
2018-09-28,54
2018-09-29,22
2018-09-30,19
2018-10-01,38
2018-10-02,44
2018-10-03,46
2018-10-04,53
2018-10-05,42
2018-10-06,17
2018-10-07,11
2018-10-08,36
2018-10-09,41
2018-10-10,66
2018-10-11,89
2018-10-12,75
2018-10-13,21
2018-10-14,16
2018-10-15,46
2018-10-16,50
2018-10-17,46
2018-10-18,42
2018-10-19,38
2018-10-20,15
2018-10-21,14
2018-10-22,39
2018-10-23,49
2018-10-24,51
2018-10-25,89
2018-10-26,100
2018-10-27,29
2018-10-28,18
2018-10-29,72
2018-10-30,86
2018-10-31,73
2018-11-01,100
2018-11-02,85
2018-11-03,30
2018-11-04,24
2018-11-05,73
2018-11-06,72
2018-11-07,72
2018-11-08,78
2018-11-09,66
2018-11-10,24
2018-11-11,18
2018-11-12,60
2018-11-13,79
2018-11-14,70
2018-11-15,75
2018-11-16,61
2018-11-17,25
2018-11-18,19
2018-11-19,69
2018-11-20,94
2018-11-21,81
2018-11-22,30
2018-11-23,47
2018-11-24,26
2018-11-25,21
2018-11-26,71
2018-11-27,68
2018-11-28,79
2018-11-29,77
2018-11-30,65
2018-12-01,30
2018-12-02,19
2018-12-03,64
2018-12-04,77
2018-12-05,51
2018-12-06,69
2018-12-07,67
2018-12-08,26
2018-12-09,18
2018-12-10,58
2018-12-11,64
2018-12-12,58
2018-12-13,51
2018-12-14,56
2018-12-15,25
2018-12-16,15
2018-12-17,59
2018-12-18,61
2018-12-19,67
2018-12-20,81
2018-12-21,87
2018-12-22,40
2018-12-23,29
2018-12-24,67
2018-12-25,40
2018-12-26,100
2018-12-27,90
2018-12-28,71
2018-12-29,34
2018-12-30,19
2018-12-31,52
2019-01-01,27
2019-01-02,61
2019-01-03,73
2019-01-04,78
2019-01-05,26
2019-01-06,20
2019-01-07,69
2019-01-08,83
2019-01-09,90
2019-01-10,73
2019-01-11,75
2019-01-12,29
2019-01-13,19
2019-01-14,55
2019-01-15,57
2019-01-16,64
2019-01-17,59
2019-01-18,60
2019-01-19,25
2019-01-20,16
2019-01-21,25
2019-01-22,46
2019-01-23,55
2019-01-24,52
2019-01-25,52
2019-01-26,21
2019-01-27,21
2019-01-28,45
2019-01-29,52
2019-01-30,65
2019-01-31,100
2019-02-01,100
2019-02-02,33
2019-02-03,22
2019-02-04,56
2019-02-05,61
2019-02-06,50
2019-02-07,53
2019-02-08,60
2019-02-09,26
2019-02-10,13
2019-02-11,45
2019-02-12,50
2019-02-13,53
2019-02-14,68
2019-02-15,61
2019-02-16,22
2019-02-17,21
2019-02-18,24
2019-02-19,47
2019-02-20,56
2019-02-21,43
2019-02-22,51
2019-02-23,21
2019-02-24,16
2019-02-25,50
2019-02-26,49
2019-02-27,42
2019-02-28,44
2019-03-01,75
2019-03-02,30
2019-03-03,26
2019-03-04,75
2019-03-05,80
2019-03-06,73
2019-03-07,70
2019-03-08,69
2019-03-09,30
2019-03-10,22
2019-03-11,73
2019-03-12,75
2019-03-13,81
2019-03-14,63
2019-03-15,73
2019-03-16,30
2019-03-17,24
2019-03-18,81
2019-03-19,97
2019-03-20,100
2019-03-21,90
2019-03-22,90
2019-03-23,32
2019-03-24,22
2019-03-25,68
2019-03-26,84
2019-03-27,65
2019-03-28,72
2019-03-29,67
2019-03-30,27
2019-03-31,25
2019-04-01,50
2019-04-02,48
2019-04-03,47
2019-04-04,56
2019-04-05,50
2019-04-06,20
2019-04-07,14
2019-04-08,43
2019-04-09,43
2019-04-10,50
2019-04-11,41
2019-04-12,46
2019-04-13,18
2019-04-14,16
2019-04-15,48
2019-04-16,44
2019-04-17,43
2019-04-18,42
2019-04-19,30
2019-04-20,17
2019-04-21,14
2019-04-22,39
2019-04-23,100
2019-04-24,71
2019-04-25,88
2019-04-26,84
2019-04-27,31
2019-04-28,19
2019-04-29,61
2019-04-30,58
2019-05-01,70
2019-05-02,63
2019-05-03,100
2019-05-04,42
2019-05-05,27
2019-05-06,71
2019-05-07,74
2019-05-08,74
2019-05-09,75
2019-05-10,76
2019-05-11,35
2019-05-12,24
2019-05-13,84
2019-05-14,91
2019-05-15,77
2019-05-16,86
2019-05-17,77
2019-05-18,27
2019-05-19,22
2019-05-20,71
2019-05-21,73
2019-05-22,62
2019-05-23,63
2019-05-24,71
2019-05-25,27
2019-05-26,21
2019-05-27,22
2019-05-28,60
2019-05-29,58
2019-05-30,61
2019-05-31,64
2019-06-01,36
2019-06-02,27
2019-06-03,94
2019-06-04,100
2019-06-05,88
2019-06-06,91
2019-06-07,79
2019-06-08,45
2019-06-09,30
2019-06-10,87
2019-06-11,95
2019-06-12,73
2019-06-13,71
2019-06-14,58
2019-06-15,26
2019-06-16,29
2019-06-17,61
2019-06-18,80
2019-06-19,78
2019-06-20,80
2019-06-21,70
2019-06-22,32
2019-06-23,22
2019-06-24,73
2019-06-25,66
2019-06-26,77
2019-06-27,63
2019-06-28,70
2019-06-29,25
2019-06-30,19
2019-07-01,63
2019-07-02,61
2019-07-03,56
2019-07-04,27
2019-07-05,54
2019-07-06,21
2019-07-07,19
2019-07-08,61
2019-07-09,66
2019-07-10,77
2019-07-11,79
2019-07-12,79
2019-07-13,33
2019-07-14,24
2019-07-15,79
2019-07-16,87
2019-07-17,74
2019-07-18,73
2019-07-19,63
2019-07-20,26
2019-07-21,20
2019-07-22,53
2019-07-23,74
2019-07-24,77
2019-07-25,99
2019-07-26,100
2019-07-27,32
2019-07-28,26
2019-07-29,64
2019-07-30,68
2019-07-31,68
2019-08-01,77
2019-08-02,76
2019-08-03,24
2019-08-04,21
2019-08-05,97
2019-08-06,100
2019-08-07,83
2019-08-08,71
2019-08-09,66
2019-08-10,22
2019-08-11,20
2019-08-12,56
2019-08-13,69
2019-08-14,94
2019-08-15,94
2019-08-16,70
2019-08-17,27
2019-08-18,25
2019-08-19,65
2019-08-20,60
2019-08-21,68
2019-08-22,66
2019-08-23,67
2019-08-24,26
2019-08-25,21
2019-08-26,64
2019-08-27,64
2019-08-28,59
2019-08-29,59
2019-08-30,51
2019-08-31,21
2019-09-01,20
2019-09-02,31
2019-09-03,92
2019-09-04,89
2019-09-05,91
2019-09-06,81
2019-09-07,38
2019-09-08,25
2019-09-09,87
2019-09-10,87
2019-09-11,87
2019-09-12,100
2019-09-13,82
2019-09-14,30
2019-09-15,32
2019-09-16,75
2019-09-17,82
2019-09-18,89
2019-09-19,91
2019-09-20,83
2019-09-21,33
2019-09-22,21
2019-09-23,79
2019-09-24,85
2019-09-25,94
2019-09-26,92
2019-09-27,82
2019-09-28,29
2019-09-29,22
2019-09-30,79
2019-10-01,25
2019-10-02,26
2019-10-03,29
2019-10-04,24
2019-10-05,9
2019-10-06,8
2019-10-07,22
2019-10-08,24
2019-10-09,26
2019-10-10,25
2019-10-11,26
2019-10-12,11
2019-10-13,9
2019-10-14,22
2019-10-15,24
2019-10-16,25
2019-10-17,31
2019-10-18,26
2019-10-19,12
2019-10-20,8
2019-10-21,25
2019-10-22,28
2019-10-23,28
2019-10-24,55
2019-10-25,100
2019-10-26,31
2019-10-27,14
2019-10-28,32
2019-10-29,31
2019-10-30,29
2019-10-31,30
2019-11-01,88
2019-11-02,35
2019-11-03,29
2019-11-04,91
2019-11-05,100
2019-11-06,78
2019-11-07,91
2019-11-08,83
2019-11-09,37
2019-11-10,29
2019-11-11,71
2019-11-12,81
2019-11-13,88
2019-11-14,85
2019-11-15,86
2019-11-16,40
2019-11-17,33
2019-11-18,79
2019-11-19,78
2019-11-20,96
2019-11-21,82
2019-11-22,80
2019-11-23,38
2019-11-24,28
2019-11-25,73
2019-11-26,86
2019-11-27,97
2019-11-28,39
2019-11-29,68
2019-11-30,33
2019-12-01,24
2019-12-02,64
2019-12-03,63
2019-12-04,61
2019-12-05,57
2019-12-06,61
2019-12-07,35
2019-12-08,23
2019-12-09,45
2019-12-10,56
2019-12-11,53
2019-12-12,58
2019-12-13,59
2019-12-14,35
2019-12-15,22
2019-12-16,48
2019-12-17,58
2019-12-18,58
2019-12-19,60
2019-12-20,59
2019-12-21,32
2019-12-22,21
2019-12-23,55
2019-12-24,48
2019-12-25,27
2019-12-26,79
2019-12-27,100
2019-12-28,37
2019-12-29,22
2019-12-30,65
2019-12-31,60
2020-01-01,11
2020-01-02,26
2020-01-03,29
2020-01-04,10
2020-01-05,10
2020-01-06,26
2020-01-07,26
2020-01-08,30
2020-01-09,27
2020-01-10,25
2020-01-11,11
2020-01-12,9
2020-01-13,22
2020-01-14,25
2020-01-15,21
2020-01-16,24
2020-01-17,23
2020-01-18,11
2020-01-19,8
2020-01-20,12
2020-01-21,19
2020-01-22,21
2020-01-23,27
2020-01-24,20
2020-01-25,9
2020-01-26,8
2020-01-27,21
2020-01-28,26
2020-01-29,26
2020-01-30,57
2020-01-31,100
2020-02-01,33
2020-02-02,17
2020-02-03,41
2020-02-04,47
2020-02-05,48
2020-02-06,42
2020-02-07,44
2020-02-08,18
2020-02-09,14
2020-02-10,45
2020-02-11,54
2020-02-12,45
2020-02-13,44
2020-02-14,39
2020-02-15,18
2020-02-16,14
2020-02-17,18
2020-02-18,36
2020-02-19,42
2020-02-20,36
2020-02-21,33
2020-02-22,15
2020-02-23,13
2020-02-24,50
2020-02-25,61
2020-02-26,59
2020-02-27,76
2020-02-28,100
2020-02-29,36
2020-03-01,15
2020-03-02,39
2020-03-03,39
2020-03-04,35
2020-03-05,33
2020-03-06,33
2020-03-07,17
2020-03-08,10
2020-03-09,68
2020-03-10,60
2020-03-11,49
2020-03-12,100
2020-03-13,97
2020-03-14,41
2020-03-15,30
2020-03-16,91
2020-03-17,99
2020-03-18,95
2020-03-19,86
2020-03-20,68
2020-03-21,43
2020-03-22,37
2020-03-23,70
2020-03-24,67
2020-03-25,59
2020-03-26,57
2020-03-27,49
2020-03-28,29
2020-03-29,24
2020-03-30,46
2020-03-31,47
2020-04-01,69
2020-04-02,54
2020-04-03,51
2020-04-04,31
2020-04-05,27
2020-04-06,47
2020-04-07,57
2020-04-08,56
2020-04-09,53
2020-04-10,37
2020-04-11,22
2020-04-12,18
2020-04-13,56
2020-04-14,83
2020-04-15,77
2020-04-16,89
2020-04-17,78
2020-04-18,37
2020-04-19,28
2020-04-20,61
2020-04-21,72
2020-04-22,61
2020-04-23,58
2020-04-24,52
2020-04-25,28
2020-04-26,27
2020-04-27,54
2020-04-28,62
2020-04-29,64
2020-04-30,100
2020-05-01,100
2020-05-02,34
2020-05-03,27
2020-05-04,57
2020-05-05,53
2020-05-06,46
2020-05-07,44
2020-05-08,45
2020-05-09,24
2020-05-10,22
2020-05-11,49
2020-05-12,46
2020-05-13,48
2020-05-14,47
2020-05-15,46
2020-05-16,25
2020-05-17,20
2020-05-18,46
2020-05-19,49
2020-05-20,55
2020-05-21,51
2020-05-22,43
2020-05-23,24
2020-05-24,17
2020-05-25,19
2020-05-26,45
2020-05-27,45
2020-05-28,43
2020-05-29,36
2020-05-30,20
2020-05-31,16
2020-06-01,56
2020-06-02,57
2020-06-03,66
2020-06-04,61
2020-06-05,75
2020-06-06,39
2020-06-07,27
2020-06-08,74
2020-06-09,90
2020-06-10,93
2020-06-11,100
2020-06-12,87
2020-06-13,37
2020-06-14,32
2020-06-15,65
2020-06-16,75
2020-06-17,66
2020-06-18,63
2020-06-19,68
2020-06-20,30
2020-06-21,24
2020-06-22,70
2020-06-23,83
2020-06-24,82
2020-06-25,71
2020-06-26,78
2020-06-27,39
2020-06-28,31
2020-06-29,67
2020-06-30,70
2020-07-01,68
2020-07-02,80
