date,Apple stock_unscaled
2010-07-06,48
2010-07-07,31
2010-07-08,65
2010-07-09,45
2010-07-10,35
2010-07-11,40
2010-07-12,36
2010-07-13,58
2010-07-14,59
2010-07-15,65
2010-07-16,100
2010-07-17,48
2010-07-18,37
2010-07-19,76
2010-07-20,63
2010-07-21,61
2010-07-22,71
2010-07-23,47
2010-07-24,44
2010-07-25,30
2010-07-26,40
2010-07-27,66
2010-07-28,46
2010-07-29,43
2010-07-30,34
2010-07-31,33
2010-08-01,60
2010-08-02,100
2010-08-03,78
2010-08-04,79
2010-08-05,97
2010-08-06,58
2010-08-07,53
2010-08-08,45
2010-08-09,57
2010-08-10,77
2010-08-11,66
2010-08-12,89
2010-08-13,57
2010-08-14,75
2010-08-15,44
2010-08-16,54
2010-08-17,29
2010-08-18,45
2010-08-19,63
2010-08-20,40
2010-08-21,17
2010-08-22,39
2010-08-23,65
2010-08-24,96
2010-08-25,81
2010-08-26,83
2010-08-27,47
2010-08-28,85
2010-08-29,34
2010-08-30,60
2010-08-31,51
2010-09-01,79
2010-09-02,49
2010-09-03,39
2010-09-04,32
2010-09-05,17
2010-09-06,36
2010-09-07,54
2010-09-08,85
2010-09-09,53
2010-09-10,56
2010-09-11,11
2010-09-12,38
2010-09-13,52
2010-09-14,55
2010-09-15,70
2010-09-16,53
2010-09-17,95
2010-09-18,27
2010-09-19,31
2010-09-20,61
2010-09-21,55
2010-09-22,57
2010-09-23,98
2010-09-24,81
2010-09-25,58
2010-09-26,30
2010-09-27,100
2010-09-28,80
2010-09-29,73
2010-09-30,57
2010-10-01,26
2010-10-02,28
2010-10-03,15
2010-10-04,39
2010-10-05,39
2010-10-06,32
2010-10-07,34
2010-10-08,27
2010-10-09,22
2010-10-10,17
2010-10-11,20
2010-10-12,40
2010-10-13,38
2010-10-14,63
2010-10-15,73
2010-10-16,46
2010-10-17,27
2010-10-18,100
2010-10-19,95
2010-10-20,64
2010-10-21,43
2010-10-22,40
2010-10-23,29
2010-10-24,12
2010-10-25,43
2010-10-26,40
2010-10-27,35
2010-10-28,41
2010-10-29,32
2010-10-30,9
2010-10-31,14
2010-11-01,61
2010-11-02,68
2010-11-03,68
2010-11-04,99
2010-11-05,87
2010-11-06,43
2010-11-07,39
2010-11-08,54
2010-11-09,61
2010-11-10,99
2010-11-11,86
2010-11-12,77
2010-11-13,33
2010-11-14,22
2010-11-15,70
2010-11-16,100
2010-11-17,99
2010-11-18,90
2010-11-19,71
2010-11-20,35
2010-11-21,53
2010-11-22,59
2010-11-23,59
2010-11-24,53
2010-11-25,37
2010-11-26,61
2010-11-27,36
2010-11-28,48
2010-11-29,87
2010-11-30,63
2010-12-01,100
2010-12-02,71
2010-12-03,71
2010-12-04,54
2010-12-05,42
2010-12-06,67
2010-12-07,79
2010-12-08,71
2010-12-09,59
2010-12-10,82
2010-12-11,46
2010-12-12,54
2010-12-13,86
2010-12-14,42
2010-12-15,78
2010-12-16,67
2010-12-17,44
2010-12-18,52
2010-12-19,50
2010-12-20,69
2010-12-21,89
2010-12-22,84
2010-12-23,45
2010-12-24,47
2010-12-25,34
2010-12-26,58
2010-12-27,63
2010-12-28,68
2010-12-29,78
2010-12-30,47
2010-12-31,46
2011-01-01,9
2011-01-02,11
2011-01-03,13
2011-01-04,21
2011-01-05,13
2011-01-06,15
2011-01-07,20
2011-01-08,19
2011-01-09,15
2011-01-10,22
2011-01-11,41
2011-01-12,34
2011-01-13,28
2011-01-14,21
2011-01-15,13
2011-01-16,17
2011-01-17,70
2011-01-18,100
2011-01-19,62
2011-01-20,31
2011-01-21,22
2011-01-22,24
2011-01-23,19
2011-01-24,27
2011-01-25,28
2011-01-26,23
2011-01-27,26
2011-01-28,18
2011-01-29,13
2011-01-30,11
2011-01-31,17
2011-02-01,66
2011-02-02,60
2011-02-03,56
2011-02-04,66
2011-02-05,42
2011-02-06,37
2011-02-07,77
2011-02-08,64
2011-02-09,79
2011-02-10,93
2011-02-11,100
2011-02-12,44
2011-02-13,35
2011-02-14,49
2011-02-15,69
2011-02-16,83
2011-02-17,71
2011-02-18,81
2011-02-19,38
2011-02-20,28
2011-02-21,62
2011-02-22,92
2011-02-23,96
2011-02-24,63
2011-02-25,63
2011-02-26,39
2011-02-27,36
2011-02-28,48
2011-03-01,54
2011-03-02,88
2011-03-03,83
2011-03-04,64
2011-03-05,43
2011-03-06,26
2011-03-07,40
2011-03-08,50
2011-03-09,62
2011-03-10,69
2011-03-11,56
2011-03-12,100
2011-03-13,59
2011-03-14,83
2011-03-15,79
2011-03-16,71
2011-03-17,85
2011-03-18,62
2011-03-19,38
2011-03-20,41
2011-03-21,55
2011-03-22,52
2011-03-23,56
2011-03-24,62
2011-03-25,54
2011-03-26,31
2011-03-27,32
2011-03-28,51
2011-03-29,41
2011-03-30,50
2011-03-31,47
2011-04-01,39
2011-04-02,26
2011-04-03,26
2011-04-04,43
2011-04-05,50
2011-04-06,35
2011-04-07,58
2011-04-08,38
2011-04-09,32
2011-04-10,19
2011-04-11,45
2011-04-12,42
2011-04-13,33
2011-04-14,42
2011-04-15,40
2011-04-16,31
2011-04-17,9
2011-04-18,38
2011-04-19,50
2011-04-20,71
2011-04-21,100
2011-04-22,55
2011-04-23,26
2011-04-24,29
2011-04-25,44
2011-04-26,48
2011-04-27,50
2011-04-28,33
2011-04-29,34
2011-04-30,35
2011-05-01,62
2011-05-02,78
2011-05-03,70
2011-05-04,75
2011-05-05,100
2011-05-06,97
2011-05-07,26
2011-05-08,51
2011-05-09,98
2011-05-10,78
2011-05-11,79
2011-05-12,83
2011-05-13,94
2011-05-14,42
2011-05-15,39
2011-05-16,88
2011-05-17,73
2011-05-18,85
2011-05-19,99
2011-05-20,83
2011-05-21,57
2011-05-22,59
2011-05-23,73
2011-05-24,71
2011-05-25,73
2011-05-26,86
2011-05-27,67
2011-05-28,38
2011-05-29,47
2011-05-30,52
2011-05-31,42
2011-06-01,53
2011-06-02,49
2011-06-03,35
2011-06-04,30
2011-06-05,40
2011-06-06,87
2011-06-07,100
2011-06-08,67
2011-06-09,47
2011-06-10,51
2011-06-11,32
2011-06-12,35
2011-06-13,53
2011-06-14,31
2011-06-15,62
2011-06-16,49
2011-06-17,56
2011-06-18,33
2011-06-19,31
2011-06-20,63
2011-06-21,61
2011-06-22,50
2011-06-23,54
2011-06-24,53
2011-06-25,49
2011-06-26,21
2011-06-27,38
2011-06-28,46
2011-06-29,30
2011-06-30,50
2011-07-01,14
2011-07-02,14
2011-07-03,10
2011-07-04,13
2011-07-05,10
2011-07-06,17
2011-07-07,22
2011-07-08,23
2011-07-09,22
2011-07-10,9
2011-07-11,16
2011-07-12,20
2011-07-13,20
2011-07-14,22
2011-07-15,18
2011-07-16,15
2011-07-17,12
2011-07-18,25
2011-07-19,56
2011-07-20,100
2011-07-21,43
2011-07-22,50
2011-07-23,34
2011-07-24,21
2011-07-25,33
2011-07-26,44
2011-07-27,46
2011-07-28,36
2011-07-29,32
2011-07-30,27
2011-07-31,25
2011-08-01,8
2011-08-02,8
2011-08-03,8
2011-08-04,16
2011-08-05,14
2011-08-06,6
2011-08-07,4
2011-08-08,21
2011-08-09,24
2011-08-10,17
2011-08-11,18
2011-08-12,11
2011-08-13,7
2011-08-14,3
2011-08-15,7
2011-08-16,7
2011-08-17,4
2011-08-18,8
2011-08-19,9
2011-08-20,5
2011-08-21,4
2011-08-22,8
2011-08-23,6
2011-08-24,26
2011-08-25,100
2011-08-26,23
2011-08-27,10
2011-08-28,6
2011-08-29,6
2011-08-30,6
2011-08-31,7
2011-09-01,66
2011-09-02,47
2011-09-03,28
2011-09-04,36
2011-09-05,36
2011-09-06,60
2011-09-07,49
2011-09-08,45
2011-09-09,58
2011-09-10,33
2011-09-11,24
2011-09-12,38
2011-09-13,26
2011-09-14,44
2011-09-15,55
2011-09-16,41
2011-09-17,41
2011-09-18,19
2011-09-19,54
2011-09-20,100
2011-09-21,77
2011-09-22,79
2011-09-23,98
2011-09-24,34
2011-09-25,42
2011-09-26,50
2011-09-27,64
2011-09-28,58
2011-09-29,64
2011-09-30,82
2011-10-01,2
2011-10-02,2
2011-10-03,4
2011-10-04,22
2011-10-05,18
2011-10-06,100
2011-10-07,23
2011-10-08,8
2011-10-09,6
2011-10-10,8
2011-10-11,6
2011-10-12,7
2011-10-13,5
2011-10-14,9
2011-10-15,4
2011-10-16,3
2011-10-17,7
2011-10-18,8
2011-10-19,10
2011-10-20,6
2011-10-21,6
2011-10-22,3
2011-10-23,2
2011-10-24,5
2011-10-25,5
2011-10-26,3
2011-10-27,5
2011-10-28,4
2011-10-29,2
2011-10-30,2
2011-10-31,4
2011-11-01,79
2011-11-02,66
2011-11-03,86
2011-11-04,63
2011-11-05,53
2011-11-06,42
2011-11-07,92
2011-11-08,52
2011-11-09,65
2011-11-10,89
2011-11-11,74
2011-11-12,32
2011-11-13,42
2011-11-14,78
2011-11-15,100
2011-11-16,67
2011-11-17,55
2011-11-18,72
2011-11-19,33
2011-11-20,24
2011-11-21,61
2011-11-22,61
2011-11-23,50
2011-11-24,35
2011-11-25,52
2011-11-26,35
2011-11-27,41
2011-11-28,81
2011-11-29,63
2011-11-30,76
2011-12-01,100
2011-12-02,87
2011-12-03,39
2011-12-04,46
2011-12-05,57
2011-12-06,83
2011-12-07,74
2011-12-08,65
2011-12-09,78
2011-12-10,20
2011-12-11,46
2011-12-12,69
2011-12-13,70
2011-12-14,47
2011-12-15,50
2011-12-16,52
2011-12-17,46
2011-12-18,29
2011-12-19,73
2011-12-20,82
2011-12-21,70
2011-12-22,55
2011-12-23,64
2011-12-24,32
2011-12-25,49
2011-12-26,43
2011-12-27,70
2011-12-28,69
2011-12-29,82
2011-12-30,66
2011-12-31,48
2012-01-01,12
2012-01-02,11
2012-01-03,23
2012-01-04,21
2012-01-05,19
2012-01-06,26
2012-01-07,16
2012-01-08,11
2012-01-09,27
2012-01-10,26
2012-01-11,24
2012-01-12,20
2012-01-13,23
2012-01-14,17
2012-01-15,10
2012-01-16,11
2012-01-17,23
2012-01-18,20
2012-01-19,31
2012-01-20,24
2012-01-21,17
2012-01-22,9
2012-01-23,22
2012-01-24,60
2012-01-25,100
2012-01-26,60
2012-01-27,35
2012-01-28,21
2012-01-29,23
2012-01-30,36
2012-01-31,27
2012-02-01,47
2012-02-02,41
2012-02-03,58
2012-02-04,39
2012-02-05,22
2012-02-06,33
2012-02-07,39
2012-02-08,34
2012-02-09,70
2012-02-10,91
2012-02-11,29
2012-02-12,28
2012-02-13,80
2012-02-14,100
2012-02-15,96
2012-02-16,83
2012-02-17,61
2012-02-18,29
2012-02-19,35
2012-02-20,32
2012-02-21,53
2012-02-22,46
2012-02-23,60
2012-02-24,52
2012-02-25,32
2012-02-26,23
2012-02-27,41
2012-02-28,69
2012-02-29,74
2012-03-01,45
2012-03-02,37
2012-03-03,23
2012-03-04,11
2012-03-05,25
2012-03-06,35
2012-03-07,64
2012-03-08,36
2012-03-09,39
2012-03-10,17
2012-03-11,14
2012-03-12,30
2012-03-13,38
2012-03-14,51
2012-03-15,65
2012-03-16,70
2012-03-17,36
2012-03-18,29
2012-03-19,100
2012-03-20,74
2012-03-21,51
2012-03-22,45
2012-03-23,50
2012-03-24,28
2012-03-25,19
2012-03-26,34
2012-03-27,42
2012-03-28,35
2012-03-29,30
2012-03-30,36
2012-03-31,17
2012-04-01,20
2012-04-02,37
2012-04-03,53
2012-04-04,56
2012-04-05,41
2012-04-06,37
2012-04-07,16
2012-04-08,25
2012-04-09,31
2012-04-10,41
2012-04-11,46
2012-04-12,43
2012-04-13,46
2012-04-14,21
2012-04-15,19
2012-04-16,52
2012-04-17,66
2012-04-18,45
2012-04-19,47
2012-04-20,48
2012-04-21,29
2012-04-22,20
2012-04-23,47
2012-04-24,82
2012-04-25,100
2012-04-26,57
2012-04-27,43
2012-04-28,22
2012-04-29,18
2012-04-30,35
2012-05-01,63
2012-05-02,53
2012-05-03,61
2012-05-04,56
2012-05-05,24
2012-05-06,24
2012-05-07,51
2012-05-08,49
2012-05-09,43
2012-05-10,41
2012-05-11,48
2012-05-12,31
2012-05-13,20
2012-05-14,43
2012-05-15,51
2012-05-16,57
2012-05-17,70
2012-05-18,100
2012-05-19,35
2012-05-20,19
2012-05-21,56
2012-05-22,71
2012-05-23,55
2012-05-24,47
2012-05-25,49
2012-05-26,23
2012-05-27,21
2012-05-28,18
2012-05-29,41
2012-05-30,49
2012-05-31,42
2012-06-01,79
2012-06-02,48
2012-06-03,32
2012-06-04,70
2012-06-05,69
2012-06-06,56
2012-06-07,57
2012-06-08,69
2012-06-09,31
2012-06-10,42
2012-06-11,100
2012-06-12,89
2012-06-13,63
2012-06-14,54
2012-06-15,41
2012-06-16,36
2012-06-17,26
2012-06-18,54
2012-06-19,64
2012-06-20,55
2012-06-21,60
2012-06-22,57
2012-06-23,25
2012-06-24,24
2012-06-25,47
2012-06-26,49
2012-06-27,44
2012-06-28,36
2012-06-29,44
2012-06-30,27
2012-07-01,9
2012-07-02,37
2012-07-03,41
2012-07-04,22
2012-07-05,43
2012-07-06,47
2012-07-07,23
2012-07-08,24
2012-07-09,41
2012-07-10,40
2012-07-11,42
2012-07-12,28
2012-07-13,51
2012-07-14,27
2012-07-15,17
2012-07-16,38
2012-07-17,39
2012-07-18,32
2012-07-19,39
2012-07-20,35
2012-07-21,20
2012-07-22,18
2012-07-23,42
2012-07-24,73
2012-07-25,100
2012-07-26,59
2012-07-27,51
2012-07-28,34
2012-07-29,18
2012-07-30,34
2012-07-31,52
2012-08-01,47
2012-08-02,35
2012-08-03,36
2012-08-04,18
2012-08-05,19
2012-08-06,27
2012-08-07,37
2012-08-08,35
2012-08-09,24
2012-08-10,33
2012-08-11,17
2012-08-12,16
2012-08-13,33
2012-08-14,44
2012-08-15,30
2012-08-16,46
2012-08-17,61
2012-08-18,40
2012-08-19,24
2012-08-20,69
2012-08-21,100
2012-08-22,77
2012-08-23,49
2012-08-24,55
2012-08-25,72
2012-08-26,39
2012-08-27,82
2012-08-28,62
2012-08-29,48
2012-08-30,44
2012-08-31,42
2012-09-01,14
2012-09-02,14
2012-09-03,14
2012-09-04,24
2012-09-05,32
2012-09-06,37
2012-09-07,29
2012-09-08,19
2012-09-09,13
2012-09-10,32
2012-09-11,39
2012-09-12,100
2012-09-13,72
2012-09-14,72
2012-09-15,36
2012-09-16,18
2012-09-17,50
2012-09-18,70
2012-09-19,57
2012-09-20,50
2012-09-21,71
2012-09-22,50
2012-09-23,25
2012-09-24,66
2012-09-25,56
2012-09-26,49
2012-09-27,49
2012-09-28,47
2012-09-29,34
2012-09-30,20
2012-10-01,71
2012-10-02,76
2012-10-03,63
2012-10-04,69
2012-10-05,74
2012-10-06,40
2012-10-07,32
2012-10-08,72
2012-10-09,87
2012-10-10,76
2012-10-11,60
2012-10-12,59
2012-10-13,33
2012-10-14,31
2012-10-15,56
2012-10-16,57
2012-10-17,51
2012-10-18,63
2012-10-19,75
2012-10-20,43
2012-10-21,32
2012-10-22,49
2012-10-23,100
2012-10-24,99
2012-10-25,90
2012-10-26,96
2012-10-27,45
2012-10-28,26
2012-10-29,42
2012-10-30,41
2012-10-31,77
2012-11-01,56
2012-11-02,67
2012-11-03,42
2012-11-04,26
2012-11-05,55
2012-11-06,52
2012-11-07,75
2012-11-08,100
2012-11-09,81
2012-11-10,28
2012-11-11,27
2012-11-12,46
2012-11-13,53
2012-11-14,51
2012-11-15,61
2012-11-16,88
2012-11-17,30
2012-11-18,27
2012-11-19,70
2012-11-20,67
2012-11-21,53
2012-11-22,44
2012-11-23,43
2012-11-24,27
2012-11-25,21
2012-11-26,50
2012-11-27,64
2012-11-28,49
2012-11-29,58
2012-11-30,52
2012-12-01,22
2012-12-02,18
2012-12-03,40
2012-12-04,45
2012-12-05,75
2012-12-06,100
2012-12-07,66
2012-12-08,33
2012-12-09,22
2012-12-10,48
2012-12-11,49
2012-12-12,43
2012-12-13,38
2012-12-14,64
2012-12-15,44
2012-12-16,28
2012-12-17,58
2012-12-18,65
2012-12-19,52
2012-12-20,52
2012-12-21,48
2012-12-22,24
2012-12-23,20
2012-12-24,29
2012-12-25,18
2012-12-26,39
2012-12-27,48
2012-12-28,45
2012-12-29,24
2012-12-30,16
2012-12-31,36
2013-01-01,12
2013-01-02,23
2013-01-03,19
2013-01-04,21
2013-01-05,10
2013-01-06,7
2013-01-07,15
2013-01-08,16
2013-01-09,20
2013-01-10,18
2013-01-11,17
2013-01-12,10
2013-01-13,8
2013-01-14,29
2013-01-15,41
2013-01-16,33
2013-01-17,29
2013-01-18,22
2013-01-19,16
2013-01-20,12
2013-01-21,15
2013-01-22,23
2013-01-23,43
2013-01-24,100
2013-01-25,82
2013-01-26,40
2013-01-27,19
2013-01-28,37
2013-01-29,37
2013-01-30,39
2013-01-31,28
2013-02-01,100
2013-02-02,58
2013-02-03,28
2013-02-04,85
2013-02-05,82
2013-02-06,82
2013-02-07,89
2013-02-08,83
2013-02-09,42
2013-02-10,36
2013-02-11,72
2013-02-12,85
2013-02-13,97
2013-02-14,79
2013-02-15,62
2013-02-16,36
2013-02-17,27
2013-02-18,39
2013-02-19,74
2013-02-20,68
2013-02-21,79
2013-02-22,72
2013-02-23,40
2013-02-24,24
2013-02-25,56
2013-02-26,84
2013-02-27,100
2013-02-28,85
2013-03-01,63
2013-03-02,36
2013-03-03,25
2013-03-04,65
2013-03-05,100
2013-03-06,69
2013-03-07,58
2013-03-08,56
2013-03-09,36
2013-03-10,30
2013-03-11,48
2013-03-12,59
2013-03-13,56
2013-03-14,54
2013-03-15,65
2013-03-16,30
2013-03-17,21
2013-03-18,50
2013-03-19,49
2013-03-20,50
2013-03-21,51
2013-03-22,43
2013-03-23,29
2013-03-24,26
2013-03-25,51
2013-03-26,50
2013-03-27,45
2013-03-28,59
2013-03-29,31
2013-03-30,20
2013-03-31,16
2013-04-01,38
2013-04-02,46
2013-04-03,40
2013-04-04,34
2013-04-05,38
2013-04-06,16
2013-04-07,11
2013-04-08,32
2013-04-09,29
2013-04-10,36
2013-04-11,44
2013-04-12,35
2013-04-13,17
2013-04-14,9
2013-04-15,30
2013-04-16,30
2013-04-17,51
2013-04-18,72
2013-04-19,66
2013-04-20,30
2013-04-21,29
2013-04-22,55
2013-04-23,94
2013-04-24,100
2013-04-25,62
2013-04-26,49
2013-04-27,20
2013-04-28,16
2013-04-29,49
2013-04-30,55
2013-05-01,79
2013-05-02,75
2013-05-03,94
2013-05-04,41
2013-05-05,38
2013-05-06,92
2013-05-07,100
2013-05-08,74
2013-05-09,75
2013-05-10,71
2013-05-11,27
2013-05-12,34
2013-05-13,60
2013-05-14,78
2013-05-15,85
2013-05-16,78
2013-05-17,68
2013-05-18,26
2013-05-19,35
2013-05-20,59
2013-05-21,75
2013-05-22,67
2013-05-23,61
2013-05-24,49
2013-05-25,36
2013-05-26,21
2013-05-27,20
2013-05-28,55
2013-05-29,64
2013-05-30,60
2013-05-31,60
2013-06-01,15
2013-06-02,25
2013-06-03,53
2013-06-04,53
2013-06-05,58
2013-06-06,40
2013-06-07,54
2013-06-08,29
2013-06-09,23
2013-06-10,100
2013-06-11,82
2013-06-12,63
2013-06-13,50
2013-06-14,53
2013-06-15,28
2013-06-16,21
2013-06-17,34
2013-06-18,38
2013-06-19,47
2013-06-20,55
2013-06-21,50
2013-06-22,28
2013-06-23,23
2013-06-24,53
2013-06-25,53
2013-06-26,60
2013-06-27,70
2013-06-28,65
2013-06-29,35
2013-06-30,21
2013-07-01,51
2013-07-02,46
2013-07-03,45
2013-07-04,28
2013-07-05,41
2013-07-06,27
2013-07-07,16
2013-07-08,47
2013-07-09,52
2013-07-10,64
2013-07-11,59
2013-07-12,49
2013-07-13,26
2013-07-14,13
2013-07-15,40
2013-07-16,48
2013-07-17,36
2013-07-18,50
2013-07-19,46
2013-07-20,29
2013-07-21,23
2013-07-22,39
2013-07-23,95
2013-07-24,100
2013-07-25,67
2013-07-26,63
2013-07-27,25
2013-07-28,22
2013-07-29,52
2013-07-30,53
2013-07-31,63
2013-08-01,40
2013-08-02,41
2013-08-03,27
2013-08-04,21
2013-08-05,45
2013-08-06,37
2013-08-07,37
2013-08-08,34
2013-08-09,32
2013-08-10,17
2013-08-11,11
2013-08-12,39
2013-08-13,57
2013-08-14,100
2013-08-15,60
2013-08-16,72
2013-08-17,26
2013-08-18,22
2013-08-19,48
2013-08-20,49
2013-08-21,44
2013-08-22,42
2013-08-23,31
2013-08-24,24
2013-08-25,16
2013-08-26,40
2013-08-27,48
2013-08-28,33
2013-08-29,36
2013-08-30,45
2013-08-31,17
2013-09-01,6
2013-09-02,10
2013-09-03,20
2013-09-04,22
2013-09-05,25
2013-09-06,26
2013-09-07,13
2013-09-08,10
2013-09-09,26
2013-09-10,85
2013-09-11,100
2013-09-12,53
2013-09-13,47
2013-09-14,20
2013-09-15,14
2013-09-16,37
2013-09-17,39
2013-09-18,39
2013-09-19,44
2013-09-20,50
2013-09-21,33
2013-09-22,17
2013-09-23,47
2013-09-24,58
2013-09-25,43
2013-09-26,33
2013-09-27,34
2013-09-28,16
2013-09-29,11
2013-09-30,26
2013-10-01,62
2013-10-02,56
2013-10-03,51
2013-10-04,63
2013-10-05,23
2013-10-06,24
2013-10-07,41
2013-10-08,50
2013-10-09,57
2013-10-10,49
2013-10-11,45
2013-10-12,24
2013-10-13,21
2013-10-14,39
2013-10-15,48
2013-10-16,56
2013-10-17,59
2013-10-18,63
2013-10-19,28
2013-10-20,20
2013-10-21,62
2013-10-22,100
2013-10-23,78
2013-10-24,67
2013-10-25,69
2013-10-26,31
2013-10-27,21
2013-10-28,69
2013-10-29,89
2013-10-30,62
2013-10-31,47
2013-11-01,100
2013-11-02,51
2013-11-03,28
2013-11-04,96
2013-11-05,85
2013-11-06,91
2013-11-07,99
2013-11-08,86
2013-11-09,38
2013-11-10,42
2013-11-11,71
2013-11-12,72
2013-11-13,81
2013-11-14,89
2013-11-15,75
2013-11-16,34
2013-11-17,32
2013-11-18,69
2013-11-19,77
2013-11-20,67
2013-11-21,66
2013-11-22,65
2013-11-23,34
2013-11-24,35
2013-11-25,63
2013-11-26,74
2013-11-27,88
2013-11-28,55
2013-11-29,77
2013-11-30,47
2013-12-01,32
2013-12-02,83
2013-12-03,76
2013-12-04,80
2013-12-05,98
2013-12-06,84
2013-12-07,43
2013-12-08,24
2013-12-09,63
2013-12-10,72
2013-12-11,59
2013-12-12,71
2013-12-13,63
2013-12-14,28
2013-12-15,22
2013-12-16,66
2013-12-17,55
2013-12-18,65
2013-12-19,59
2013-12-20,62
2013-12-21,32
2013-12-22,24
2013-12-23,100
2013-12-24,88
2013-12-25,36
2013-12-26,63
2013-12-27,61
2013-12-28,32
2013-12-29,29
2013-12-30,57
2013-12-31,47
2014-01-01,18
2014-01-02,29
2014-01-03,30
2014-01-04,14
2014-01-05,10
2014-01-06,29
2014-01-07,28
2014-01-08,32
2014-01-09,32
2014-01-10,27
2014-01-11,22
2014-01-12,15
2014-01-13,27
2014-01-14,36
2014-01-15,42
2014-01-16,35
2014-01-17,39
2014-01-18,11
2014-01-19,14
2014-01-20,20
2014-01-21,32
2014-01-22,39
2014-01-23,37
2014-01-24,36
2014-01-25,25
2014-01-26,17
2014-01-27,55
2014-01-28,100
2014-01-29,71
2014-01-30,53
2014-01-31,51
2014-02-01,35
2014-02-02,26
2014-02-03,79
2014-02-04,74
2014-02-05,81
2014-02-06,56
2014-02-07,100
2014-02-08,36
2014-02-09,31
2014-02-10,57
2014-02-11,79
2014-02-12,64
2014-02-13,68
2014-02-14,67
2014-02-15,35
2014-02-16,20
2014-02-17,41
2014-02-18,64
2014-02-19,66
2014-02-20,66
2014-02-21,63
2014-02-22,37
2014-02-23,23
2014-02-24,65
2014-02-25,62
2014-02-26,60
2014-02-27,80
2014-02-28,54
2014-03-01,59
2014-03-02,42
2014-03-03,75
2014-03-04,86
2014-03-05,83
2014-03-06,88
2014-03-07,87
2014-03-08,38
2014-03-09,29
2014-03-10,71
2014-03-11,74
2014-03-12,77
2014-03-13,82
2014-03-14,89
2014-03-15,35
2014-03-16,33
2014-03-17,73
2014-03-18,66
2014-03-19,82
2014-03-20,89
2014-03-21,71
2014-03-22,37
2014-03-23,28
2014-03-24,100
2014-03-25,89
2014-03-26,79
2014-03-27,98
2014-03-28,79
2014-03-29,43
2014-03-30,31
2014-03-31,81
2014-04-01,14
2014-04-02,10
2014-04-03,15
2014-04-04,15
2014-04-05,5
2014-04-06,8
2014-04-07,15
2014-04-08,13
2014-04-09,11
2014-04-10,16
2014-04-11,12
2014-04-12,5
2014-04-13,4
2014-04-14,11
2014-04-15,13
2014-04-16,13
2014-04-17,14
2014-04-18,10
2014-04-19,5
2014-04-20,5
2014-04-21,12
2014-04-22,14
2014-04-23,46
2014-04-24,100
2014-04-25,47
2014-04-26,23
2014-04-27,15
2014-04-28,35
2014-04-29,36
2014-04-30,32
2014-05-01,71
2014-05-02,63
2014-05-03,28
2014-05-04,19
2014-05-05,62
2014-05-06,68
2014-05-07,73
2014-05-08,63
2014-05-09,69
2014-05-10,31
2014-05-11,24
2014-05-12,68
2014-05-13,56
2014-05-14,45
2014-05-15,45
2014-05-16,52
2014-05-17,30
2014-05-18,25
2014-05-19,60
2014-05-20,66
2014-05-21,55
2014-05-22,59
2014-05-23,57
2014-05-24,30
2014-05-25,16
2014-05-26,26
2014-05-27,82
2014-05-28,83
2014-05-29,100
2014-05-30,94
2014-05-31,39
2014-06-01,13
2014-06-02,36
2014-06-03,32
2014-06-04,28
2014-06-05,31
2014-06-06,37
2014-06-07,32
2014-06-08,26
2014-06-09,100
2014-06-10,74
2014-06-11,54
2014-06-12,41
2014-06-13,35
2014-06-14,16
2014-06-15,15
2014-06-16,26
2014-06-17,28
2014-06-18,32
2014-06-19,24
2014-06-20,24
2014-06-21,15
2014-06-22,9
2014-06-23,21
2014-06-24,23
2014-06-25,25
2014-06-26,22
2014-06-27,20
2014-06-28,12
2014-06-29,9
2014-06-30,17
2014-07-01,54
2014-07-02,62
2014-07-03,53
2014-07-04,31
2014-07-05,25
2014-07-06,21
2014-07-07,59
2014-07-08,70
2014-07-09,60
2014-07-10,62
2014-07-11,47
2014-07-12,25
2014-07-13,25
2014-07-14,52
2014-07-15,67
2014-07-16,77
2014-07-17,62
2014-07-18,55
2014-07-19,34
2014-07-20,22
2014-07-21,51
2014-07-22,85
2014-07-23,100
2014-07-24,63
2014-07-25,67
2014-07-26,28
2014-07-27,28
2014-07-28,50
2014-07-29,56
2014-07-30,63
2014-07-31,67
2014-08-01,63
2014-08-02,35
2014-08-03,24
2014-08-04,58
2014-08-05,64
2014-08-06,62
2014-08-07,63
2014-08-08,54
2014-08-09,28
2014-08-10,28
2014-08-11,51
2014-08-12,63
2014-08-13,49
2014-08-14,64
2014-08-15,60
2014-08-16,29
2014-08-17,18
2014-08-18,48
2014-08-19,88
2014-08-20,100
2014-08-21,86
2014-08-22,76
2014-08-23,37
2014-08-24,29
2014-08-25,75
2014-08-26,65
2014-08-27,78
2014-08-28,77
2014-08-29,84
2014-08-30,39
2014-08-31,38
2014-09-01,9
2014-09-02,20
2014-09-03,32
2014-09-04,34
2014-09-05,27
2014-09-06,13
2014-09-07,8
2014-09-08,27
2014-09-09,100
2014-09-10,68
2014-09-11,38
2014-09-12,33
2014-09-13,19
2014-09-14,12
2014-09-15,27
2014-09-16,30
2014-09-17,28
2014-09-18,22
2014-09-19,35
2014-09-20,17
2014-09-21,11
2014-09-22,24
2014-09-23,28
2014-09-24,28
2014-09-25,42
2014-09-26,35
2014-09-27,16
2014-09-28,10
2014-09-29,22
2014-09-30,21
2014-10-01,62
2014-10-02,68
2014-10-03,62
2014-10-04,36
2014-10-05,24
2014-10-06,58
2014-10-07,51
2014-10-08,63
2014-10-09,68
2014-10-10,66
2014-10-11,27
2014-10-12,18
2014-10-13,63
2014-10-14,50
2014-10-15,71
2014-10-16,84
2014-10-17,66
2014-10-18,36
2014-10-19,20
2014-10-20,82
2014-10-21,100
2014-10-22,68
2014-10-23,82
2014-10-24,80
2014-10-25,37
2014-10-26,28
2014-10-27,73
2014-10-28,70
2014-10-29,57
2014-10-30,94
2014-10-31,84
2014-11-01,42
2014-11-02,25
2014-11-03,76
2014-11-04,84
2014-11-05,75
2014-11-06,85
2014-11-07,80
2014-11-08,36
2014-11-09,26
2014-11-10,74
2014-11-11,67
2014-11-12,75
2014-11-13,92
2014-11-14,92
2014-11-15,46
2014-11-16,32
2014-11-17,64
2014-11-18,86
2014-11-19,82
2014-11-20,84
2014-11-21,99
2014-11-22,39
2014-11-23,33
2014-11-24,68
2014-11-25,100
2014-11-26,84
2014-11-27,43
2014-11-28,74
2014-11-29,44
2014-11-30,31
2014-12-01,88
2014-12-02,92
2014-12-03,100
2014-12-04,72
2014-12-05,65
2014-12-06,38
2014-12-07,30
2014-12-08,62
2014-12-09,76
2014-12-10,63
2014-12-11,59
2014-12-12,61
2014-12-13,43
2014-12-14,23
2014-12-15,58
2014-12-16,72
2014-12-17,72
2014-12-18,90
2014-12-19,82
2014-12-20,28
2014-12-21,27
2014-12-22,57
2014-12-23,68
2014-12-24,60
2014-12-25,30
2014-12-26,45
2014-12-27,27
2014-12-28,27
2014-12-29,49
2014-12-30,61
2014-12-31,54
2015-01-01,12
2015-01-02,21
2015-01-03,14
2015-01-04,9
2015-01-05,31
2015-01-06,33
2015-01-07,27
2015-01-08,35
2015-01-09,27
2015-01-10,14
2015-01-11,10
2015-01-12,24
2015-01-13,27
2015-01-14,29
2015-01-15,32
2015-01-16,26
2015-01-17,14
2015-01-18,11
2015-01-19,19
2015-01-20,29
2015-01-21,27
2015-01-22,28
2015-01-23,25
2015-01-24,12
2015-01-25,13
2015-01-26,29
2015-01-27,47
2015-01-28,100
2015-01-29,66
2015-01-30,49
2015-01-31,24
2015-02-01,24
2015-02-02,43
2015-02-03,57
2015-02-04,59
2015-02-05,49
2015-02-06,51
2015-02-07,24
2015-02-08,20
2015-02-09,47
2015-02-10,59
2015-02-11,100
2015-02-12,88
2015-02-13,73
2015-02-14,35
2015-02-15,25
2015-02-16,37
2015-02-17,69
2015-02-18,64
2015-02-19,65
2015-02-20,68
2015-02-21,36
2015-02-22,25
2015-02-23,72
2015-02-24,72
2015-02-25,78
2015-02-26,74
2015-02-27,58
2015-02-28,28
2015-03-01,17
2015-03-02,55
2015-03-03,54
2015-03-04,51
2015-03-05,51
2015-03-06,63
2015-03-07,30
2015-03-08,21
2015-03-09,100
2015-03-10,78
2015-03-11,67
2015-03-12,63
2015-03-13,54
2015-03-14,22
2015-03-15,21
2015-03-16,44
2015-03-17,47
2015-03-18,49
2015-03-19,49
2015-03-20,50
2015-03-21,24
2015-03-22,21
2015-03-23,43
2015-03-24,45
2015-03-25,40
2015-03-26,42
2015-03-27,42
2015-03-28,18
2015-03-29,17
2015-03-30,36
2015-03-31,43
2015-04-01,46
2015-04-02,42
2015-04-03,28
2015-04-04,16
2015-04-05,19
2015-04-06,36
2015-04-07,51
2015-04-08,43
2015-04-09,41
2015-04-10,53
2015-04-11,26
2015-04-12,22
2015-04-13,42
2015-04-14,41
2015-04-15,42
2015-04-16,38
2015-04-17,43
2015-04-18,19
2015-04-19,13
2015-04-20,39
2015-04-21,45
2015-04-22,43
2015-04-23,52
2015-04-24,55
2015-04-25,32
2015-04-26,23
2015-04-27,92
2015-04-28,100
2015-04-29,66
2015-04-30,63
2015-05-01,100
2015-05-02,48
2015-05-03,34
2015-05-04,71
2015-05-05,80
2015-05-06,97
2015-05-07,80
2015-05-08,74
2015-05-09,38
2015-05-10,28
2015-05-11,68
2015-05-12,72
2015-05-13,62
2015-05-14,77
2015-05-15,67
2015-05-16,29
2015-05-17,24
2015-05-18,81
2015-05-19,78
2015-05-20,73
2015-05-21,78
2015-05-22,79
2015-05-23,34
2015-05-24,26
2015-05-25,32
2015-05-26,71
2015-05-27,73
2015-05-28,74
2015-05-29,65
2015-05-30,32
2015-05-31,32
2015-06-01,82
2015-06-02,91
2015-06-03,79
2015-06-04,74
2015-06-05,77
2015-06-06,36
2015-06-07,31
2015-06-08,95
2015-06-09,94
2015-06-10,89
2015-06-11,87
2015-06-12,72
2015-06-13,27
2015-06-14,25
2015-06-15,68
2015-06-16,55
2015-06-17,73
2015-06-18,70
2015-06-19,62
2015-06-20,27
2015-06-21,33
2015-06-22,63
2015-06-23,58
2015-06-24,79
2015-06-25,78
2015-06-26,75
2015-06-27,42
2015-06-28,29
2015-06-29,83
2015-06-30,100
2015-07-01,30
2015-07-02,25
2015-07-03,22
2015-07-04,12
2015-07-05,9
2015-07-06,28
2015-07-07,33
2015-07-08,41
2015-07-09,44
2015-07-10,38
2015-07-11,21
2015-07-12,16
2015-07-13,28
2015-07-14,36
2015-07-15,29
2015-07-16,36
2015-07-17,48
2015-07-18,21
2015-07-19,17
2015-07-20,42
2015-07-21,85
2015-07-22,100
2015-07-23,67
2015-07-24,52
2015-07-25,24
2015-07-26,14
2015-07-27,36
2015-07-28,35
2015-07-29,39
2015-07-30,37
2015-07-31,34
2015-08-01,9
2015-08-02,8
2015-08-03,20
2015-08-04,37
2015-08-05,38
2015-08-06,30
2015-08-07,20
2015-08-08,15
2015-08-09,10
2015-08-10,26
2015-08-11,24
2015-08-12,34
2015-08-13,23
2015-08-14,20
2015-08-15,10
2015-08-16,7
2015-08-17,19
2015-08-18,19
2015-08-19,19
2015-08-20,23
2015-08-21,41
2015-08-22,21
2015-08-23,15
2015-08-24,100
2015-08-25,76
2015-08-26,54
2015-08-27,44
2015-08-28,34
2015-08-29,17
2015-08-30,11
2015-08-31,25
2015-09-01,59
2015-09-02,52
2015-09-03,43
2015-09-04,40
2015-09-05,20
2015-09-06,12
2015-09-07,16
2015-09-08,42
2015-09-09,100
2015-09-10,69
2015-09-11,47
2015-09-12,19
2015-09-13,14
2015-09-14,42
2015-09-15,39
2015-09-16,42
2015-09-17,36
2015-09-18,39
2015-09-19,15
2015-09-20,10
2015-09-21,37
2015-09-22,37
2015-09-23,35
2015-09-24,36
2015-09-25,38
2015-09-26,21
2015-09-27,12
2015-09-28,40
2015-09-29,43
2015-09-30,40
2015-10-01,56
2015-10-02,63
2015-10-03,25
2015-10-04,17
2015-10-05,54
2015-10-06,49
2015-10-07,52
2015-10-08,53
2015-10-09,55
2015-10-10,33
2015-10-11,23
2015-10-12,42
2015-10-13,60
2015-10-14,47
2015-10-15,49
2015-10-16,51
2015-10-17,19
2015-10-18,17
2015-10-19,50
2015-10-20,50
2015-10-21,52
2015-10-22,62
2015-10-23,69
2015-10-24,25
2015-10-25,25
2015-10-26,63
2015-10-27,87
2015-10-28,100
2015-10-29,79
2015-10-30,66
2015-10-31,24
2015-11-01,25
2015-11-02,93
2015-11-03,100
2015-11-04,98
2015-11-05,89
2015-11-06,85
2015-11-07,33
2015-11-08,21
2015-11-09,80
2015-11-10,100
2015-11-11,92
2015-11-12,85
2015-11-13,83
2015-11-14,41
2015-11-15,29
2015-11-16,81
2015-11-17,87
2015-11-18,84
2015-11-19,88
2015-11-20,90
2015-11-21,36
2015-11-22,27
2015-11-23,54
2015-11-24,68
2015-11-25,68
2015-11-26,31
2015-11-27,59
2015-11-28,30
2015-11-29,26
2015-11-30,74
2015-12-01,65
2015-12-02,55
2015-12-03,55
2015-12-04,59
2015-12-05,30
2015-12-06,17
2015-12-07,59
2015-12-08,52
2015-12-09,56
2015-12-10,56
2015-12-11,54
2015-12-12,30
2015-12-13,24
2015-12-14,60
2015-12-15,64
2015-12-16,64
2015-12-17,55
2015-12-18,75
2015-12-19,49
2015-12-20,31
2015-12-21,100
2015-12-22,70
2015-12-23,57
2015-12-24,54
2015-12-25,31
2015-12-26,27
2015-12-27,24
2015-12-28,48
2015-12-29,56
2015-12-30,51
2015-12-31,63
2016-01-01,13
2016-01-02,14
2016-01-03,15
2016-01-04,41
2016-01-05,42
2016-01-06,57
2016-01-07,70
2016-01-08,78
2016-01-09,31
2016-01-10,20
2016-01-11,46
2016-01-12,45
2016-01-13,52
2016-01-14,49
2016-01-15,61
2016-01-16,29
2016-01-17,17
2016-01-18,23
2016-01-19,43
2016-01-20,58
2016-01-21,51
2016-01-22,51
2016-01-23,19
2016-01-24,15
2016-01-25,42
2016-01-26,77
2016-01-27,100
2016-01-28,73
2016-01-29,50
2016-01-30,26
2016-01-31,21
2016-02-01,95
2016-02-02,96
2016-02-03,100
2016-02-04,95
2016-02-05,92
2016-02-06,47
2016-02-07,27
2016-02-08,71
2016-02-09,81
2016-02-10,84
2016-02-11,86
2016-02-12,78
2016-02-13,33
2016-02-14,19
2016-02-15,34
2016-02-16,69
2016-02-17,98
2016-02-18,88
2016-02-19,82
2016-02-20,33
2016-02-21,28
2016-02-22,74
2016-02-23,80
2016-02-24,79
2016-02-25,69
2016-02-26,70
2016-02-27,37
2016-02-28,29
2016-02-29,58
2016-03-01,77
2016-03-02,70
2016-03-03,61
2016-03-04,58
2016-03-05,26
2016-03-06,23
2016-03-07,55
2016-03-08,48
2016-03-09,57
2016-03-10,55
2016-03-11,49
2016-03-12,20
2016-03-13,20
2016-03-14,43
2016-03-15,59
2016-03-16,63
2016-03-17,57
2016-03-18,49
2016-03-19,27
2016-03-20,22
2016-03-21,100
2016-03-22,76
2016-03-23,60
2016-03-24,39
2016-03-25,32
2016-03-26,19
2016-03-27,14
2016-03-28,52
2016-03-29,58
2016-03-30,70
2016-03-31,55
2016-04-01,26
2016-04-02,10
2016-04-03,9
2016-04-04,26
2016-04-05,25
2016-04-06,21
2016-04-07,24
2016-04-08,25
2016-04-09,9
2016-04-10,8
2016-04-11,24
2016-04-12,23
2016-04-13,26
2016-04-14,26
2016-04-15,25
2016-04-16,11
2016-04-17,7
2016-04-18,23
2016-04-19,25
2016-04-20,22
2016-04-21,26
2016-04-22,20
2016-04-23,9
2016-04-24,7
2016-04-25,22
2016-04-26,54
2016-04-27,100
2016-04-28,64
2016-04-29,57
2016-04-30,21
2016-05-01,24
2016-05-02,61
2016-05-03,70
2016-05-04,60
2016-05-05,60
2016-05-06,58
2016-05-07,34
2016-05-08,20
2016-05-09,51
2016-05-10,57
2016-05-11,49
2016-05-12,70
2016-05-13,72
2016-05-14,26
2016-05-15,15
2016-05-16,100
2016-05-17,84
2016-05-18,62
2016-05-19,64
2016-05-20,55
2016-05-21,23
2016-05-22,23
2016-05-23,44
2016-05-24,54
2016-05-25,59
2016-05-26,53
2016-05-27,51
2016-05-28,24
2016-05-29,12
2016-05-30,15
2016-05-31,35
2016-06-01,49
2016-06-02,51
2016-06-03,39
2016-06-04,15
2016-06-05,15
2016-06-06,48
2016-06-07,45
2016-06-08,44
2016-06-09,37
2016-06-10,45
2016-06-11,15
2016-06-12,13
2016-06-13,52
2016-06-14,48
2016-06-15,49
2016-06-16,38
2016-06-17,37
2016-06-18,14
2016-06-19,9
2016-06-20,43
2016-06-21,43
2016-06-22,39
2016-06-23,44
2016-06-24,100
2016-06-25,29
2016-06-26,17
2016-06-27,56
2016-06-28,60
2016-06-29,53
2016-06-30,36
2016-07-01,38
2016-07-02,16
2016-07-03,10
2016-07-04,9
2016-07-05,32
2016-07-06,35
2016-07-07,33
2016-07-08,39
2016-07-09,14
2016-07-10,9
2016-07-11,38
2016-07-12,44
2016-07-13,39
2016-07-14,41
2016-07-15,42
2016-07-16,13
2016-07-17,18
2016-07-18,35
2016-07-19,26
2016-07-20,48
2016-07-21,44
2016-07-22,36
2016-07-23,18
2016-07-24,14
2016-07-25,34
2016-07-26,84
2016-07-27,100
2016-07-28,69
2016-07-29,49
2016-07-30,21
2016-07-31,17
2016-08-01,61
2016-08-02,71
2016-08-03,54
2016-08-04,67
2016-08-05,67
2016-08-06,27
2016-08-07,23
2016-08-08,62
2016-08-09,66
2016-08-10,69
2016-08-11,61
2016-08-12,54
2016-08-13,23
2016-08-14,14
2016-08-15,56
2016-08-16,72
2016-08-17,59
2016-08-18,53
2016-08-19,56
2016-08-20,19
2016-08-21,12
2016-08-22,49
2016-08-23,51
2016-08-24,54
2016-08-25,58
2016-08-26,59
2016-08-27,22
2016-08-28,21
2016-08-29,49
2016-08-30,100
2016-08-31,67
2016-09-01,29
2016-09-02,29
2016-09-03,16
2016-09-04,9
2016-09-05,12
2016-09-06,30
2016-09-07,100
2016-09-08,75
2016-09-09,60
2016-09-10,26
2016-09-11,13
2016-09-12,35
2016-09-13,50
2016-09-14,64
2016-09-15,68
2016-09-16,74
2016-09-17,37
2016-09-18,20
2016-09-19,48
2016-09-20,44
2016-09-21,46
2016-09-22,49
2016-09-23,42
2016-09-24,24
2016-09-25,13
2016-09-26,39
2016-09-27,37
2016-09-28,34
2016-09-29,31
2016-09-30,32
2016-10-01,21
2016-10-02,21
2016-10-03,39
2016-10-04,53
2016-10-05,51
2016-10-06,47
2016-10-07,49
2016-10-08,20
2016-10-09,14
2016-10-10,47
2016-10-11,81
2016-10-12,72
2016-10-13,63
2016-10-14,56
2016-10-15,29
2016-10-16,17
2016-10-17,44
2016-10-18,47
2016-10-19,55
2016-10-20,53
2016-10-21,47
2016-10-22,23
2016-10-23,17
2016-10-24,52
2016-10-25,100
2016-10-26,96
2016-10-27,84
2016-10-28,62
2016-10-29,25
2016-10-30,16
2016-10-31,43
2016-11-01,56
2016-11-02,50
2016-11-03,52
2016-11-04,51
2016-11-05,27
2016-11-06,17
2016-11-07,50
2016-11-08,45
2016-11-09,100
2016-11-10,75
2016-11-11,57
2016-11-12,29
2016-11-13,21
2016-11-14,64
2016-11-15,53
2016-11-16,60
2016-11-17,51
2016-11-18,50
2016-11-19,20
2016-11-20,14
2016-11-21,42
2016-11-22,49
2016-11-23,47
2016-11-24,26
2016-11-25,28
2016-11-26,16
2016-11-27,19
2016-11-28,46
2016-11-29,47
2016-11-30,45
2016-12-01,71
2016-12-02,70
2016-12-03,26
2016-12-04,25
2016-12-05,70
2016-12-06,82
2016-12-07,85
2016-12-08,81
2016-12-09,68
2016-12-10,17
2016-12-11,24
2016-12-12,76
2016-12-13,87
2016-12-14,100
2016-12-15,85
2016-12-16,78
2016-12-17,38
2016-12-18,18
2016-12-19,67
2016-12-20,88
2016-12-21,88
2016-12-22,68
2016-12-23,71
2016-12-24,36
2016-12-25,26
2016-12-26,42
2016-12-27,68
2016-12-28,72
2016-12-29,59
2016-12-30,68
2016-12-31,23
2017-01-01,11
2017-01-02,21
2017-01-03,34
2017-01-04,36
2017-01-05,32
2017-01-06,42
2017-01-07,23
2017-01-08,13
2017-01-09,42
2017-01-10,46
2017-01-11,43
2017-01-12,43
2017-01-13,41
2017-01-14,17
2017-01-15,12
2017-01-16,20
2017-01-17,37
2017-01-18,45
2017-01-19,35
2017-01-20,39
2017-01-21,15
2017-01-22,12
2017-01-23,41
2017-01-24,43
2017-01-25,55
2017-01-26,58
2017-01-27,46
2017-01-28,21
2017-01-29,15
2017-01-30,44
2017-01-31,100
2017-02-01,100
2017-02-02,56
2017-02-03,45
2017-02-04,17
2017-02-05,11
2017-02-06,36
2017-02-07,41
2017-02-08,37
2017-02-09,41
2017-02-10,38
2017-02-11,15
2017-02-12,12
2017-02-13,45
2017-02-14,57
2017-02-15,56
2017-02-16,45
2017-02-17,44
2017-02-18,18
2017-02-19,11
2017-02-20,21
2017-02-21,44
2017-02-22,38
2017-02-23,43
2017-02-24,35
2017-02-25,16
2017-02-26,12
2017-02-27,39
2017-02-28,43
2017-03-01,100
2017-03-02,91
2017-03-03,79
2017-03-04,41
2017-03-05,27
2017-03-06,62
2017-03-07,61
2017-03-08,71
2017-03-09,61
2017-03-10,58
2017-03-11,24
2017-03-12,23
2017-03-13,54
2017-03-14,58
2017-03-15,57
2017-03-16,69
2017-03-17,55
2017-03-18,24
2017-03-19,21
2017-03-20,53
2017-03-21,72
2017-03-22,69
2017-03-23,56
2017-03-24,67
2017-03-25,19
2017-03-26,19
2017-03-27,56
2017-03-28,73
2017-03-29,83
2017-03-30,64
2017-03-31,56
2017-04-01,50
2017-04-02,29
2017-04-03,98
2017-04-04,94
2017-04-05,100
2017-04-06,97
2017-04-07,87
2017-04-08,33
2017-04-09,26
2017-04-10,78
2017-04-11,80
2017-04-12,81
2017-04-13,75
2017-04-14,48
2017-04-15,30
2017-04-16,28
2017-04-17,69
2017-04-18,84
2017-04-19,78
2017-04-20,84
2017-04-21,69
2017-04-22,33
2017-04-23,34
2017-04-24,87
2017-04-25,97
2017-04-26,99
2017-04-27,91
2017-04-28,84
2017-04-29,45
2017-04-30,39
2017-05-01,60
2017-05-02,100
2017-05-03,92
2017-05-04,61
2017-05-05,66
2017-05-06,30
2017-05-07,27
2017-05-08,80
2017-05-09,85
2017-05-10,66
2017-05-11,69
2017-05-12,73
2017-05-13,33
2017-05-14,21
2017-05-15,62
2017-05-16,63
2017-05-17,69
2017-05-18,68
2017-05-19,56
2017-05-20,24
2017-05-21,17
2017-05-22,48
2017-05-23,54
2017-05-24,58
2017-05-25,48
2017-05-26,51
2017-05-27,20
2017-05-28,13
2017-05-29,17
2017-05-30,44
2017-05-31,42
2017-06-01,53
2017-06-02,58
2017-06-03,30
2017-06-04,23
2017-06-05,79
2017-06-06,68
2017-06-07,67
2017-06-08,65
2017-06-09,87
2017-06-10,38
2017-06-11,25
2017-06-12,100
2017-06-13,72
2017-06-14,68
2017-06-15,60
2017-06-16,74
2017-06-17,25
2017-06-18,19
2017-06-19,68
2017-06-20,61
2017-06-21,63
2017-06-22,55
2017-06-23,52
2017-06-24,20
2017-06-25,18
2017-06-26,51
2017-06-27,67
2017-06-28,58
2017-06-29,56
2017-06-30,50
2017-07-01,25
2017-07-02,22
2017-07-03,69
2017-07-04,76
2017-07-05,70
2017-07-06,64
2017-07-07,67
2017-07-08,28
2017-07-09,25
2017-07-10,59
2017-07-11,55
2017-07-12,64
2017-07-13,67
2017-07-14,71
2017-07-15,23
2017-07-16,22
2017-07-17,77
2017-07-18,77
2017-07-19,70
2017-07-20,61
2017-07-21,69
2017-07-22,26
2017-07-23,19
2017-07-24,67
2017-07-25,79
2017-07-26,84
2017-07-27,100
2017-07-28,83
2017-07-29,37
2017-07-30,29
2017-07-31,70
2017-08-01,71
2017-08-02,100
2017-08-03,53
2017-08-04,38
2017-08-05,14
2017-08-06,9
2017-08-07,35
2017-08-08,39
2017-08-09,40
2017-08-10,36
2017-08-11,40
2017-08-12,13
2017-08-13,9
2017-08-14,35
2017-08-15,35
2017-08-16,36
2017-08-17,31
2017-08-18,30
2017-08-19,12
2017-08-20,10
2017-08-21,23
2017-08-22,30
2017-08-23,33
2017-08-24,27
2017-08-25,26
2017-08-26,9
2017-08-27,11
2017-08-28,31
2017-08-29,33
2017-08-30,31
2017-08-31,37
2017-09-01,25
2017-09-02,13
2017-09-03,8
2017-09-04,8
2017-09-05,20
2017-09-06,23
2017-09-07,21
2017-09-08,21
2017-09-09,8
2017-09-10,8
2017-09-11,29
2017-09-12,100
2017-09-13,72
2017-09-14,43
2017-09-15,36
2017-09-16,16
2017-09-17,11
2017-09-18,27
2017-09-19,29
2017-09-20,32
2017-09-21,36
2017-09-22,38
2017-09-23,17
2017-09-24,11
2017-09-25,32
2017-09-26,32
2017-09-27,32
2017-09-28,25
2017-09-29,26
2017-09-30,10
2017-10-01,19
2017-10-02,54
2017-10-03,61
2017-10-04,57
2017-10-05,56
2017-10-06,50
2017-10-07,26
2017-10-08,21
2017-10-09,43
2017-10-10,51
2017-10-11,51
2017-10-12,51
2017-10-13,50
2017-10-14,29
2017-10-15,20
2017-10-16,58
2017-10-17,62
2017-10-18,49
2017-10-19,70
2017-10-20,56
2017-10-21,21
2017-10-22,14
2017-10-23,50
2017-10-24,53
2017-10-25,53
2017-10-26,62
2017-10-27,100
2017-10-28,43
2017-10-29,28
2017-10-30,77
2017-10-31,88
2017-11-01,48
2017-11-02,61
2017-11-03,100
2017-11-04,28
2017-11-05,19
2017-11-06,47
2017-11-07,49
2017-11-08,45
2017-11-09,45
2017-11-10,35
2017-11-11,17
2017-11-12,10
2017-11-13,35
2017-11-14,30
2017-11-15,34
2017-11-16,34
2017-11-17,34
2017-11-18,17
2017-11-19,10
2017-11-20,28
2017-11-21,30
2017-11-22,33
2017-11-23,15
2017-11-24,24
2017-11-25,13
2017-11-26,12
2017-11-27,27
2017-11-28,34
2017-11-29,41
2017-11-30,39
2017-12-01,73
2017-12-02,32
2017-12-03,28
2017-12-04,71
2017-12-05,72
2017-12-06,57
2017-12-07,60
2017-12-08,60
2017-12-09,32
2017-12-10,17
2017-12-11,62
2017-12-12,70
2017-12-13,69
2017-12-14,71
2017-12-15,63
2017-12-16,30
2017-12-17,22
2017-12-18,71
2017-12-19,73
2017-12-20,68
2017-12-21,86
2017-12-22,66
2017-12-23,36
2017-12-24,23
2017-12-25,32
2017-12-26,89
2017-12-27,100
2017-12-28,79
2017-12-29,85
2017-12-30,35
2017-12-31,23
2018-01-01,22
2018-01-02,54
2018-01-03,68
2018-01-04,71
2018-01-05,74
2018-01-06,32
2018-01-07,23
2018-01-08,54
2018-01-09,62
2018-01-10,58
2018-01-11,61
2018-01-12,61
2018-01-13,29
2018-01-14,20
2018-01-15,28
2018-01-16,60
2018-01-17,75
2018-01-18,100
2018-01-19,68
2018-01-20,31
2018-01-21,24
2018-01-22,59
2018-01-23,66
2018-01-24,69
2018-01-25,72
2018-01-26,75
2018-01-27,34
2018-01-28,26
2018-01-29,84
2018-01-30,100
2018-01-31,91
2018-02-01,75
2018-02-02,95
2018-02-03,34
2018-02-04,17
2018-02-05,74
2018-02-06,100
2018-02-07,59
2018-02-08,67
2018-02-09,70
2018-02-10,23
2018-02-11,14
2018-02-12,49
2018-02-13,52
2018-02-14,46
2018-02-15,58
2018-02-16,47
2018-02-17,14
2018-02-18,14
2018-02-19,19
2018-02-20,40
2018-02-21,39
2018-02-22,36
2018-02-23,37
2018-02-24,15
2018-02-25,12
2018-02-26,44
2018-02-27,50
2018-02-28,43
2018-03-01,86
2018-03-02,91
2018-03-03,29
2018-03-04,25
2018-03-05,74
2018-03-06,80
2018-03-07,72
2018-03-08,67
2018-03-09,84
2018-03-10,32
2018-03-11,24
2018-03-12,89
2018-03-13,87
2018-03-14,71
2018-03-15,70
2018-03-16,75
2018-03-17,22
2018-03-18,16
2018-03-19,72
2018-03-20,68
2018-03-21,69
2018-03-22,94
2018-03-23,87
2018-03-24,24
2018-03-25,24
2018-03-26,96
2018-03-27,97
2018-03-28,100
2018-03-29,90
2018-03-30,47
2018-03-31,26
2018-04-01,16
2018-04-02,83
2018-04-03,86
2018-04-04,73
2018-04-05,69
2018-04-06,67
2018-04-07,26
2018-04-08,16
2018-04-09,70
2018-04-10,72
2018-04-11,71
2018-04-12,70
2018-04-13,63
2018-04-14,24
2018-04-15,18
2018-04-16,64
2018-04-17,74
2018-04-18,66
2018-04-19,79
2018-04-20,100
2018-04-21,33
2018-04-22,24
2018-04-23,63
2018-04-24,86
2018-04-25,69
2018-04-26,76
2018-04-27,68
2018-04-28,26
2018-04-29,21
2018-04-30,66
2018-05-01,100
2018-05-02,99
2018-05-03,56
2018-05-04,83
2018-05-05,42
2018-05-06,18
2018-05-07,67
2018-05-08,59
2018-05-09,48
2018-05-10,55
2018-05-11,50
2018-05-12,21
2018-05-13,15
2018-05-14,40
2018-05-15,40
2018-05-16,39
2018-05-17,32
2018-05-18,38
2018-05-19,14
2018-05-20,11
2018-05-21,33
2018-05-22,33
2018-05-23,35
2018-05-24,36
2018-05-25,31
2018-05-26,10
2018-05-27,12
2018-05-28,11
2018-05-29,30
2018-05-30,36
2018-05-31,28
2018-06-01,71
2018-06-02,31
2018-06-03,21
2018-06-04,86
2018-06-05,100
2018-06-06,87
2018-06-07,79
2018-06-08,63
2018-06-09,31
2018-06-10,19
2018-06-11,56
2018-06-12,62
2018-06-13,74
2018-06-14,69
2018-06-15,69
2018-06-16,26
2018-06-17,17
2018-06-18,58
2018-06-19,65
2018-06-20,65
2018-06-21,70
2018-06-22,55
2018-06-23,21
2018-06-24,18
2018-06-25,60
2018-06-26,60
2018-06-27,60
2018-06-28,55
2018-06-29,52
2018-06-30,24
2018-07-01,8
2018-07-02,24
2018-07-03,25
2018-07-04,9
2018-07-05,27
2018-07-06,28
2018-07-07,8
2018-07-08,7
2018-07-09,30
2018-07-10,29
2018-07-11,29
2018-07-12,32
2018-07-13,29
2018-07-14,10
2018-07-15,7
2018-07-16,27
2018-07-17,28
2018-07-18,31
2018-07-19,25
2018-07-20,27
2018-07-21,11
2018-07-22,9
2018-07-23,24
2018-07-24,32
2018-07-25,34
2018-07-26,49
2018-07-27,45
2018-07-28,12
2018-07-29,12
2018-07-30,40
2018-07-31,100
2018-08-01,73
2018-08-02,100
2018-08-03,64
2018-08-04,22
2018-08-05,13
2018-08-06,28
2018-08-07,27
2018-08-08,24
2018-08-09,22
2018-08-10,22
2018-08-11,8
2018-08-12,6
2018-08-13,20
2018-08-14,21
2018-08-15,22
2018-08-16,25
2018-08-17,24
2018-08-18,13
2018-08-19,8
2018-08-20,20
2018-08-21,23
2018-08-22,23
2018-08-23,21
2018-08-24,20
2018-08-25,10
2018-08-26,5
2018-08-27,21
2018-08-28,23
2018-08-29,29
2018-08-30,30
2018-08-31,31
2018-09-01,15
2018-09-02,12
2018-09-03,12
2018-09-04,44
2018-09-05,47
2018-09-06,46
2018-09-07,35
2018-09-08,19
2018-09-09,12
2018-09-10,42
2018-09-11,43
2018-09-12,100
2018-09-13,72
2018-09-14,51
2018-09-15,16
2018-09-16,14
2018-09-17,39
2018-09-18,45
2018-09-19,40
2018-09-20,41
2018-09-21,42
2018-09-22,19
2018-09-23,14
2018-09-24,32
2018-09-25,39
2018-09-26,36
2018-09-27,39
2018-09-28,37
2018-09-29,14
2018-09-30,12
2018-10-01,62
2018-10-02,59
2018-10-03,61
2018-10-04,63
2018-10-05,57
2018-10-06,20
2018-10-07,12
2018-10-08,46
2018-10-09,56
2018-10-10,73
2018-10-11,100
2018-10-12,70
2018-10-13,26
2018-10-14,18
2018-10-15,58
2018-10-16,62
2018-10-17,52
2018-10-18,51
2018-10-19,58
2018-10-20,17
2018-10-21,11
2018-10-22,51
2018-10-23,55
2018-10-24,56
2018-10-25,69
2018-10-26,68
2018-10-27,22
2018-10-28,16
2018-10-29,57
2018-10-30,74
2018-10-31,70
2018-11-01,74
2018-11-02,100
2018-11-03,20
2018-11-04,13
2018-11-05,53
2018-11-06,44
2018-11-07,38
2018-11-08,37
2018-11-09,33
2018-11-10,11
2018-11-11,10
2018-11-12,45
2018-11-13,58
2018-11-14,55
2018-11-15,50
2018-11-16,46
2018-11-17,16
2018-11-18,10
2018-11-19,46
2018-11-20,66
2018-11-21,56
2018-11-22,18
2018-11-23,28
2018-11-24,15
2018-11-25,13
2018-11-26,43
2018-11-27,48
2018-11-28,45
2018-11-29,45
2018-11-30,37
2018-12-01,25
2018-12-02,17
2018-12-03,62
2018-12-04,75
2018-12-05,58
2018-12-06,73
2018-12-07,67
2018-12-08,25
2018-12-09,18
2018-12-10,81
2018-12-11,76
2018-12-12,67
2018-12-13,65
2018-12-14,60
2018-12-15,28
2018-12-16,19
2018-12-17,58
2018-12-18,59
2018-12-19,60
2018-12-20,82
2018-12-21,84
2018-12-22,40
2018-12-23,26
2018-12-24,75
2018-12-25,38
2018-12-26,95
2018-12-27,100
2018-12-28,63
2018-12-29,26
2018-12-30,15
2018-12-31,53
2019-01-01,6
2019-01-02,30
2019-01-03,100
2019-01-04,74
2019-01-05,21
2019-01-06,12
2019-01-07,25
2019-01-08,25
2019-01-09,26
2019-01-10,19
2019-01-11,20
2019-01-12,8
2019-01-13,6
2019-01-14,16
2019-01-15,18
2019-01-16,18
2019-01-17,17
2019-01-18,16
2019-01-19,6
2019-01-20,5
2019-01-21,7
2019-01-22,18
2019-01-23,14
2019-01-24,15
2019-01-25,15
2019-01-26,8
2019-01-27,5
2019-01-28,16
2019-01-29,34
2019-01-30,38
2019-01-31,24
2019-02-01,94
2019-02-02,34
2019-02-03,20
2019-02-04,78
2019-02-05,100
2019-02-06,83
2019-02-07,70
2019-02-08,68
2019-02-09,29
2019-02-10,23
2019-02-11,55
2019-02-12,71
2019-02-13,73
2019-02-14,62
2019-02-15,63
2019-02-16,25
2019-02-17,19
2019-02-18,31
2019-02-19,63
2019-02-20,60
2019-02-21,68
2019-02-22,66
2019-02-23,28
2019-02-24,19
2019-02-25,60
2019-02-26,60
2019-02-27,60
2019-02-28,60
2019-03-01,41
2019-03-02,17
2019-03-03,13
2019-03-04,37
2019-03-05,41
2019-03-06,36
2019-03-07,35
2019-03-08,40
2019-03-09,17
2019-03-10,10
2019-03-11,50
2019-03-12,59
2019-03-13,60
2019-03-14,51
2019-03-15,50
2019-03-16,20
2019-03-17,13
2019-03-18,48
2019-03-19,56
2019-03-20,47
2019-03-21,75
2019-03-22,68
2019-03-23,22
2019-03-24,13
2019-03-25,100
2019-03-26,82
2019-03-27,61
2019-03-28,52
2019-03-29,51
2019-03-30,14
2019-03-31,11
2019-04-01,53
2019-04-02,65
2019-04-03,51
2019-04-04,53
2019-04-05,55
2019-04-06,19
2019-04-07,19
2019-04-08,60
2019-04-09,67
2019-04-10,67
2019-04-11,54
2019-04-12,54
2019-04-13,18
2019-04-14,15
2019-04-15,46
2019-04-16,64
2019-04-17,61
2019-04-18,58
2019-04-19,32
2019-04-20,16
2019-04-21,12
2019-04-22,48
2019-04-23,66
2019-04-24,63
2019-04-25,58
2019-04-26,47
2019-04-27,21
2019-04-28,18
2019-04-29,51
2019-04-30,100
2019-05-01,100
2019-05-02,55
2019-05-03,58
2019-05-04,19
2019-05-05,14
2019-05-06,48
2019-05-07,47
2019-05-08,45
2019-05-09,40
2019-05-10,58
2019-05-11,20
2019-05-12,13
2019-05-13,77
2019-05-14,65
2019-05-15,49
2019-05-16,46
2019-05-17,37
2019-05-18,12
2019-05-19,10
2019-05-20,41
2019-05-21,44
2019-05-22,42
2019-05-23,46
2019-05-24,35
2019-05-25,13
2019-05-26,15
2019-05-27,11
2019-05-28,31
2019-05-29,36
2019-05-30,38
2019-05-31,37
2019-06-01,22
2019-06-02,23
2019-06-03,86
2019-06-04,100
2019-06-05,79
2019-06-06,83
2019-06-07,71
2019-06-08,23
2019-06-09,17
2019-06-10,77
2019-06-11,76
2019-06-12,71
2019-06-13,64
2019-06-14,61
2019-06-15,24
2019-06-16,19
2019-06-17,66
2019-06-18,76
2019-06-19,77
2019-06-20,71
2019-06-21,78
2019-06-22,25
2019-06-23,14
2019-06-24,57
2019-06-25,59
2019-06-26,78
2019-06-27,73
2019-06-28,79
2019-06-29,29
2019-06-30,22
2019-07-01,48
2019-07-02,43
2019-07-03,43
2019-07-04,16
2019-07-05,33
2019-07-06,14
2019-07-07,11
2019-07-08,42
2019-07-09,45
2019-07-10,48
2019-07-11,48
2019-07-12,41
2019-07-13,16
2019-07-14,11
2019-07-15,38
2019-07-16,49
2019-07-17,40
2019-07-18,35
2019-07-19,39
2019-07-20,13
2019-07-21,14
2019-07-22,41
2019-07-23,50
2019-07-24,37
2019-07-25,44
2019-07-26,50
2019-07-27,15
2019-07-28,13
2019-07-29,48
2019-07-30,90
2019-07-31,100
2019-08-01,86
2019-08-02,72
2019-08-03,24
2019-08-04,14
2019-08-05,100
2019-08-06,98
2019-08-07,77
2019-08-08,83
2019-08-09,68
2019-08-10,26
2019-08-11,16
2019-08-12,69
2019-08-13,91
2019-08-14,100
2019-08-15,83
2019-08-16,68
2019-08-17,27
2019-08-18,15
2019-08-19,71
2019-08-20,72
2019-08-21,63
2019-08-22,70
2019-08-23,80
2019-08-24,23
2019-08-25,22
2019-08-26,62
2019-08-27,61
2019-08-28,60
2019-08-29,68
2019-08-30,59
2019-08-31,18
2019-09-01,8
2019-09-02,14
2019-09-03,36
2019-09-04,39
2019-09-05,43
2019-09-06,37
2019-09-07,14
2019-09-08,11
2019-09-09,43
2019-09-10,100
2019-09-11,99
2019-09-12,79
2019-09-13,64
2019-09-14,19
2019-09-15,12
2019-09-16,50
2019-09-17,43
2019-09-18,53
2019-09-19,45
2019-09-20,48
2019-09-21,20
2019-09-22,15
2019-09-23,45
2019-09-24,51
2019-09-25,55
2019-09-26,41
2019-09-27,42
2019-09-28,18
2019-09-29,14
2019-09-30,48
2019-10-01,55
2019-10-02,61
2019-10-03,46
2019-10-04,56
2019-10-05,23
2019-10-06,13
2019-10-07,47
2019-10-08,51
2019-10-09,48
2019-10-10,49
2019-10-11,72
2019-10-12,25
2019-10-13,15
2019-10-14,53
2019-10-15,57
2019-10-16,48
2019-10-17,46
2019-10-18,51
2019-10-19,20
2019-10-20,13
2019-10-21,52
2019-10-22,60
2019-10-23,61
2019-10-24,60
2019-10-25,63
2019-10-26,24
2019-10-27,16
2019-10-28,56
2019-10-29,78
2019-10-30,100
2019-10-31,79
2019-11-01,100
2019-11-02,36
2019-11-03,27
2019-11-04,89
2019-11-05,91
2019-11-06,78
2019-11-07,98
2019-11-08,85
2019-11-09,32
2019-11-10,21
2019-11-11,70
2019-11-12,80
2019-11-13,85
2019-11-14,80
2019-11-15,94
2019-11-16,36
2019-11-17,24
2019-11-18,78
2019-11-19,80
2019-11-20,76
2019-11-21,74
2019-11-22,74
2019-11-23,25
2019-11-24,22
2019-11-25,69
2019-11-26,80
2019-11-27,73
2019-11-28,33
2019-11-29,49
2019-11-30,26
2019-12-01,19
2019-12-02,68
2019-12-03,73
2019-12-04,73
2019-12-05,83
2019-12-06,90
2019-12-07,34
2019-12-08,23
2019-12-09,71
2019-12-10,76
2019-12-11,70
2019-12-12,85
2019-12-13,93
2019-12-14,39
2019-12-15,30
2019-12-16,87
2019-12-17,95
2019-12-18,89
2019-12-19,80
2019-12-20,86
2019-12-21,37
2019-12-22,25
2019-12-23,88
2019-12-24,90
2019-12-25,32
2019-12-26,93
2019-12-27,100
2019-12-28,46
2019-12-29,34
2019-12-30,88
2019-12-31,94
2020-01-01,19
2020-01-02,52
2020-01-03,58
2020-01-04,18
2020-01-05,12
2020-01-06,47
2020-01-07,46
2020-01-08,56
2020-01-09,63
2020-01-10,56
2020-01-11,23
2020-01-12,14
2020-01-13,55
2020-01-14,65
2020-01-15,59
2020-01-16,53
2020-01-17,63
2020-01-18,21
2020-01-19,12
2020-01-20,24
2020-01-21,48
2020-01-22,48
2020-01-23,46
2020-01-24,51
2020-01-25,18
2020-01-26,17
2020-01-27,55
2020-01-28,100
2020-01-29,96
2020-01-30,75
2020-01-31,67
2020-02-01,15
2020-02-02,10
2020-02-03,36
2020-02-04,36
2020-02-05,39
2020-02-06,35
2020-02-07,28
2020-02-08,10
2020-02-09,8
2020-02-10,29
2020-02-11,29
2020-02-12,31
2020-02-13,30
2020-02-14,23
2020-02-15,8
2020-02-16,7
2020-02-17,16
2020-02-18,43
2020-02-19,37
2020-02-20,32
2020-02-21,28
2020-02-22,10
2020-02-23,8
2020-02-24,51
2020-02-25,57
2020-02-26,53
2020-02-27,66
2020-02-28,100
2020-02-29,34
2020-03-01,17
2020-03-02,59
2020-03-03,55
2020-03-04,44
2020-03-05,38
2020-03-06,43
2020-03-07,14
2020-03-08,10
2020-03-09,81
2020-03-10,64
2020-03-11,53
2020-03-12,100
2020-03-13,95
2020-03-14,35
2020-03-15,25
2020-03-16,93
2020-03-17,78
2020-03-18,83
2020-03-19,67
2020-03-20,60
2020-03-21,31
2020-03-22,23
2020-03-23,67
2020-03-24,69
2020-03-25,62
2020-03-26,55
2020-03-27,49
2020-03-28,19
2020-03-29,17
2020-03-30,39
2020-03-31,38
2020-04-01,81
2020-04-02,73
2020-04-03,65
2020-04-04,31
2020-04-05,24
2020-04-06,78
2020-04-07,76
2020-04-08,71
2020-04-09,66
2020-04-10,45
2020-04-11,25
2020-04-12,18
2020-04-13,63
2020-04-14,78
2020-04-15,76
2020-04-16,77
2020-04-17,85
2020-04-18,34
2020-04-19,20
2020-04-20,64
2020-04-21,61
2020-04-22,59
2020-04-23,53
2020-04-24,51
2020-04-25,25
2020-04-26,19
2020-04-27,62
2020-04-28,60
2020-04-29,66
2020-04-30,100
2020-05-01,100
2020-05-02,32
2020-05-03,27
2020-05-04,68
2020-05-05,79
2020-05-06,74
2020-05-07,74
2020-05-08,75
2020-05-09,34
2020-05-10,28
2020-05-11,70
2020-05-12,77
2020-05-13,73
2020-05-14,70
2020-05-15,65
2020-05-16,27
2020-05-17,23
2020-05-18,72
2020-05-19,69
2020-05-20,67
2020-05-21,63
2020-05-22,54
2020-05-23,20
2020-05-24,17
2020-05-25,21
2020-05-26,68
2020-05-27,67
2020-05-28,61
2020-05-29,56
2020-05-30,20
2020-05-31,16
2020-06-01,43
2020-06-02,46
2020-06-03,55
2020-06-04,53
2020-06-05,69
2020-06-06,28
2020-06-07,21
2020-06-08,67
2020-06-09,77
2020-06-10,82
2020-06-11,93
2020-06-12,77
2020-06-13,25
2020-06-14,17
2020-06-15,59
2020-06-16,71
2020-06-17,68
2020-06-18,64
2020-06-19,72
2020-06-20,25
2020-06-21,20
2020-06-22,81
2020-06-23,100
2020-06-24,76
2020-06-25,68
2020-06-26,64
2020-06-27,21
2020-06-28,20
2020-06-29,63
2020-06-30,66
2020-07-01,74
2020-07-02,80
