date,Microsoft stock_unscaled
2010-07-06,42
2010-07-07,41
2010-07-08,32
2010-07-09,29
2010-07-10,29
2010-07-11,45
2010-07-12,31
2010-07-13,0
2010-07-14,41
2010-07-15,35
2010-07-16,22
2010-07-17,30
2010-07-18,30
2010-07-19,34
2010-07-20,34
2010-07-21,73
2010-07-22,63
2010-07-23,44
2010-07-24,39
2010-07-25,30
2010-07-26,41
2010-07-27,51
2010-07-28,31
2010-07-29,21
2010-07-30,44
2010-07-31,0
2010-08-01,100
2010-08-02,46
2010-08-03,17
2010-08-04,26
2010-08-05,47
2010-08-06,56
2010-08-07,25
2010-08-08,25
2010-08-09,34
2010-08-10,22
2010-08-11,34
2010-08-12,44
2010-08-13,37
2010-08-14,36
2010-08-15,0
2010-08-16,35
2010-08-17,34
2010-08-18,34
2010-08-19,23
2010-08-20,24
2010-08-21,32
2010-08-22,24
2010-08-23,28
2010-08-24,17
2010-08-25,17
2010-08-26,17
2010-08-27,45
2010-08-28,23
2010-08-29,24
2010-08-30,39
2010-08-31,22
2010-09-01,26
2010-09-02,35
2010-09-03,25
2010-09-04,25
2010-09-05,26
2010-09-06,29
2010-09-07,34
2010-09-08,42
2010-09-09,51
2010-09-10,36
2010-09-11,35
2010-09-12,46
2010-09-13,100
2010-09-14,61
2010-09-15,26
2010-09-16,26
2010-09-17,54
2010-09-18,48
2010-09-19,47
2010-09-20,51
2010-09-21,28
2010-09-22,50
2010-09-23,25
2010-09-24,80
2010-09-25,47
2010-09-26,23
2010-09-27,16
2010-09-28,33
2010-09-29,44
2010-09-30,49
2010-10-01,55
2010-10-02,24
2010-10-03,24
2010-10-04,60
2010-10-05,85
2010-10-06,53
2010-10-07,38
2010-10-08,28
2010-10-09,49
2010-10-10,25
2010-10-11,18
2010-10-12,63
2010-10-13,35
2010-10-14,69
2010-10-15,27
2010-10-16,24
2010-10-17,24
2010-10-18,68
2010-10-19,75
2010-10-20,42
2010-10-21,34
2010-10-22,45
2010-10-23,47
2010-10-24,23
2010-10-25,0
2010-10-26,33
2010-10-27,33
2010-10-28,43
2010-10-29,27
2010-10-30,24
2010-10-31,100
2010-11-01,53
2010-11-02,46
2010-11-03,36
2010-11-04,88
2010-11-05,47
2010-11-06,44
2010-11-07,52
2010-11-08,57
2010-11-09,57
2010-11-10,38
2010-11-11,66
2010-11-12,71
2010-11-13,27
2010-11-14,44
2010-11-15,48
2010-11-16,49
2010-11-17,100
2010-11-18,63
2010-11-19,40
2010-11-20,52
2010-11-21,35
2010-11-22,38
2010-11-23,57
2010-11-24,52
2010-11-25,53
2010-11-26,0
2010-11-27,40
2010-11-28,0
2010-11-29,31
2010-11-30,72
2010-12-01,63
2010-12-02,64
2010-12-03,59
2010-12-04,43
2010-12-05,22
2010-12-06,32
2010-12-07,32
2010-12-08,41
2010-12-09,49
2010-12-10,51
2010-12-11,22
2010-12-12,88
2010-12-13,16
2010-12-14,24
2010-12-15,32
2010-12-16,42
2010-12-17,36
2010-12-18,23
2010-12-19,23
2010-12-20,0
2010-12-21,69
2010-12-22,100
2010-12-23,39
2010-12-24,0
2010-12-25,29
2010-12-26,25
2010-12-27,19
2010-12-28,28
2010-12-29,37
2010-12-30,38
2010-12-31,22
2011-01-01,37
2011-01-02,50
2011-01-03,46
2011-01-04,60
2011-01-05,100
2011-01-06,91
2011-01-07,100
2011-01-08,29
2011-01-09,42
2011-01-10,67
2011-01-11,80
2011-01-12,65
2011-01-13,52
2011-01-14,60
2011-01-15,57
2011-01-16,29
2011-01-17,85
2011-01-18,79
2011-01-19,57
2011-01-20,43
2011-01-21,81
2011-01-22,70
2011-01-23,42
2011-01-24,29
2011-01-25,57
2011-01-26,50
2011-01-27,72
2011-01-28,75
2011-01-29,55
2011-01-30,63
2011-01-31,34
2011-02-01,78
2011-02-02,49
2011-02-03,75
2011-02-04,45
2011-02-05,56
2011-02-06,41
2011-02-07,25
2011-02-08,100
2011-02-09,57
2011-02-10,51
2011-02-11,81
2011-02-12,25
2011-02-13,38
2011-02-14,90
2011-02-15,64
2011-02-16,70
2011-02-17,65
2011-02-18,47
2011-02-19,0
2011-02-20,38
2011-02-21,61
2011-02-22,86
2011-02-23,76
2011-02-24,57
2011-02-25,39
2011-02-26,37
2011-02-27,50
2011-02-28,56
2011-03-01,43
2011-03-02,43
2011-03-03,57
2011-03-04,46
2011-03-05,97
2011-03-06,48
2011-03-07,75
2011-03-08,56
2011-03-09,68
2011-03-10,100
2011-03-11,38
2011-03-12,26
2011-03-13,27
2011-03-14,43
2011-03-15,47
2011-03-16,57
2011-03-17,59
2011-03-18,62
2011-03-19,25
2011-03-20,62
2011-03-21,25
2011-03-22,56
2011-03-23,80
2011-03-24,81
2011-03-25,53
2011-03-26,0
2011-03-27,40
2011-03-28,62
2011-03-29,56
2011-03-30,44
2011-03-31,50
2011-04-01,86
2011-04-02,22
2011-04-03,44
2011-04-04,70
2011-04-05,43
2011-04-06,57
2011-04-07,55
2011-04-08,86
2011-04-09,55
2011-04-10,44
2011-04-11,33
2011-04-12,27
2011-04-13,66
2011-04-14,78
2011-04-15,40
2011-04-16,21
2011-04-17,37
2011-04-18,55
2011-04-19,27
2011-04-20,55
2011-04-21,51
2011-04-22,18
2011-04-23,22
2011-04-24,47
2011-04-25,100
2011-04-26,37
2011-04-27,64
2011-04-28,59
2011-04-29,80
2011-04-30,29
2011-05-01,36
2011-05-02,38
2011-05-03,35
2011-05-04,25
2011-05-05,27
2011-05-06,35
2011-05-07,29
2011-05-08,20
2011-05-09,32
2011-05-10,100
2011-05-11,76
2011-05-12,52
2011-05-13,38
2011-05-14,14
2011-05-15,14
2011-05-16,49
2011-05-17,39
2011-05-18,32
2011-05-19,22
2011-05-20,40
2011-05-21,29
2011-05-22,29
2011-05-23,18
2011-05-24,32
2011-05-25,38
2011-05-26,37
2011-05-27,32
2011-05-28,30
2011-05-29,32
2011-05-30,14
2011-05-31,29
2011-06-01,60
2011-06-02,41
2011-06-03,29
2011-06-04,45
2011-06-05,22
2011-06-06,50
2011-06-07,43
2011-06-08,42
2011-06-09,34
2011-06-10,64
2011-06-11,30
2011-06-12,37
2011-06-13,25
2011-06-14,39
2011-06-15,33
2011-06-16,25
2011-06-17,18
2011-06-18,30
2011-06-19,38
2011-06-20,22
2011-06-21,60
2011-06-22,33
2011-06-23,17
2011-06-24,23
2011-06-25,100
2011-06-26,53
2011-06-27,33
2011-06-28,49
2011-06-29,85
2011-06-30,34
2011-07-01,29
2011-07-02,33
2011-07-03,46
2011-07-04,54
2011-07-05,23
2011-07-06,27
2011-07-07,64
2011-07-08,49
2011-07-09,35
2011-07-10,32
2011-07-11,53
2011-07-12,52
2011-07-13,47
2011-07-14,48
2011-07-15,39
2011-07-16,42
2011-07-17,21
2011-07-18,71
2011-07-19,100
2011-07-20,47
2011-07-21,53
2011-07-22,60
2011-07-23,49
2011-07-24,31
2011-07-25,36
2011-07-26,61
2011-07-27,26
2011-07-28,63
2011-07-29,49
2011-07-30,20
2011-07-31,31
2011-08-01,29
2011-08-02,34
2011-08-03,28
2011-08-04,57
2011-08-05,66
2011-08-06,44
2011-08-07,30
2011-08-08,62
2011-08-09,100
2011-08-10,92
2011-08-11,58
2011-08-12,36
2011-08-13,56
2011-08-14,22
2011-08-15,80
2011-08-16,51
2011-08-17,58
2011-08-18,64
2011-08-19,48
2011-08-20,77
2011-08-21,22
2011-08-22,51
2011-08-23,49
2011-08-24,50
2011-08-25,78
2011-08-26,23
2011-08-27,63
2011-08-28,21
2011-08-29,51
2011-08-30,22
2011-08-31,51
2011-09-01,79
2011-09-02,27
2011-09-03,0
2011-09-04,23
2011-09-05,30
2011-09-06,25
2011-09-07,25
2011-09-08,34
2011-09-09,71
2011-09-10,21
2011-09-11,21
2011-09-12,25
2011-09-13,33
2011-09-14,100
2011-09-15,34
2011-09-16,36
2011-09-17,44
2011-09-18,0
2011-09-19,50
2011-09-20,58
2011-09-21,67
2011-09-22,91
2011-09-23,70
2011-09-24,32
2011-09-25,42
2011-09-26,33
2011-09-27,66
2011-09-28,99
2011-09-29,42
2011-09-30,71
2011-10-01,61
2011-10-02,30
2011-10-03,66
2011-10-04,34
2011-10-05,57
2011-10-06,100
2011-10-07,49
2011-10-08,30
2011-10-09,22
2011-10-10,62
2011-10-11,43
2011-10-12,36
2011-10-13,27
2011-10-14,24
2011-10-15,15
2011-10-16,15
2011-10-17,34
2011-10-18,37
2011-10-19,45
2011-10-20,46
2011-10-21,45
2011-10-22,30
2011-10-23,29
2011-10-24,23
2011-10-25,30
2011-10-26,17
2011-10-27,53
2011-10-28,24
2011-10-29,29
2011-10-30,34
2011-10-31,41
2011-11-01,77
2011-11-02,74
2011-11-03,65
2011-11-04,58
2011-11-05,46
2011-11-06,45
2011-11-07,73
2011-11-08,81
2011-11-09,27
2011-11-10,55
2011-11-11,39
2011-11-12,23
2011-11-13,34
2011-11-14,45
2011-11-15,54
2011-11-16,45
2011-11-17,37
2011-11-18,19
2011-11-19,23
2011-11-20,23
2011-11-21,100
2011-11-22,45
2011-11-23,19
2011-11-24,0
2011-11-25,23
2011-11-26,35
2011-11-27,67
2011-11-28,17
2011-11-29,86
2011-11-30,61
2011-12-01,100
2011-12-02,92
2011-12-03,25
2011-12-04,25
2011-12-05,98
2011-12-06,39
2011-12-07,88
2011-12-08,70
2011-12-09,51
2011-12-10,50
2011-12-11,49
2011-12-12,79
2011-12-13,19
2011-12-14,30
2011-12-15,61
2011-12-16,32
2011-12-17,25
2011-12-18,26
2011-12-19,30
2011-12-20,40
2011-12-21,73
2011-12-22,22
2011-12-23,35
2011-12-24,56
2011-12-25,31
2011-12-26,38
2011-12-27,22
2011-12-28,32
2011-12-29,43
2011-12-30,67
2011-12-31,25
2012-01-01,33
2012-01-02,33
2012-01-03,41
2012-01-04,62
2012-01-05,59
2012-01-06,36
2012-01-07,65
2012-01-08,35
2012-01-09,40
2012-01-10,63
2012-01-11,57
2012-01-12,81
2012-01-13,47
2012-01-14,21
2012-01-15,21
2012-01-16,35
2012-01-17,93
2012-01-18,45
2012-01-19,57
2012-01-20,26
2012-01-21,54
2012-01-22,40
2012-01-23,66
2012-01-24,100
2012-01-25,45
2012-01-26,96
2012-01-27,75
2012-01-28,41
2012-01-29,48
2012-01-30,89
2012-01-31,61
2012-02-01,63
2012-02-02,58
2012-02-03,100
2012-02-04,54
2012-02-05,36
2012-02-06,64
2012-02-07,66
2012-02-08,91
2012-02-09,44
2012-02-10,70
2012-02-11,53
2012-02-12,28
2012-02-13,56
2012-02-14,68
2012-02-15,73
2012-02-16,73
2012-02-17,81
2012-02-18,18
2012-02-19,27
2012-02-20,25
2012-02-21,62
2012-02-22,48
2012-02-23,48
2012-02-24,54
2012-02-25,36
2012-02-26,54
2012-02-27,43
2012-02-28,52
2012-02-29,80
2012-03-01,53
2012-03-02,42
2012-03-03,34
2012-03-04,35
2012-03-05,40
2012-03-06,57
2012-03-07,68
2012-03-08,38
2012-03-09,51
2012-03-10,23
2012-03-11,16
2012-03-12,38
2012-03-13,57
2012-03-14,63
2012-03-15,32
2012-03-16,66
2012-03-17,16
2012-03-18,24
2012-03-19,100
2012-03-20,69
2012-03-21,69
2012-03-22,44
2012-03-23,33
2012-03-24,63
2012-03-25,31
2012-03-26,44
2012-03-27,37
2012-03-28,56
2012-03-29,38
2012-03-30,67
2012-03-31,15
2012-04-01,55
2012-04-02,58
2012-04-03,62
2012-04-04,29
2012-04-05,49
2012-04-06,53
2012-04-07,19
2012-04-08,20
2012-04-09,81
2012-04-10,62
2012-04-11,47
2012-04-12,77
2012-04-13,50
2012-04-14,18
2012-04-15,30
2012-04-16,66
2012-04-17,66
2012-04-18,52
2012-04-19,72
2012-04-20,80
2012-04-21,61
2012-04-22,41
2012-04-23,47
2012-04-24,61
2012-04-25,47
2012-04-26,100
2012-04-27,59
2012-04-28,24
2012-04-29,36
2012-04-30,47
2012-05-01,66
2012-05-02,53
2012-05-03,34
2012-05-04,35
2012-05-05,32
2012-05-06,21
2012-05-07,50
2012-05-08,45
2012-05-09,45
2012-05-10,38
2012-05-11,67
2012-05-12,83
2012-05-13,17
2012-05-14,32
2012-05-15,37
2012-05-16,67
2012-05-17,47
2012-05-18,91
2012-05-19,68
2012-05-20,33
2012-05-21,84
2012-05-22,100
2012-05-23,70
2012-05-24,39
2012-05-25,41
2012-05-26,28
2012-05-27,35
2012-05-28,16
2012-05-29,46
2012-05-30,33
2012-05-31,42
2012-06-01,33
2012-06-02,15
2012-06-03,17
2012-06-04,46
2012-06-05,29
2012-06-06,41
2012-06-07,24
2012-06-08,14
2012-06-09,23
2012-06-10,23
2012-06-11,33
2012-06-12,38
2012-06-13,33
2012-06-14,27
2012-06-15,25
2012-06-16,17
2012-06-17,23
2012-06-18,41
2012-06-19,100
2012-06-20,71
2012-06-21,51
2012-06-22,34
2012-06-23,34
2012-06-24,17
2012-06-25,35
2012-06-26,29
2012-06-27,27
2012-06-28,30
2012-06-29,31
2012-06-30,15
2012-07-01,57
2012-07-02,33
2012-07-03,97
2012-07-04,100
2012-07-05,56
2012-07-06,61
2012-07-07,54
2012-07-08,55
2012-07-09,43
2012-07-10,65
2012-07-11,29
2012-07-12,81
2012-07-13,83
2012-07-14,82
2012-07-15,55
2012-07-16,72
2012-07-17,78
2012-07-18,79
2012-07-19,95
2012-07-20,89
2012-07-21,55
2012-07-22,28
2012-07-23,43
2012-07-24,57
2012-07-25,72
2012-07-26,87
2012-07-27,67
2012-07-28,80
2012-07-29,41
2012-07-30,72
2012-07-31,49
2012-08-01,63
2012-08-02,58
2012-08-03,30
2012-08-04,58
2012-08-05,51
2012-08-06,23
2012-08-07,57
2012-08-08,63
2012-08-09,58
2012-08-10,42
2012-08-11,58
2012-08-12,65
2012-08-13,34
2012-08-14,76
2012-08-15,41
2012-08-16,35
2012-08-17,64
2012-08-18,29
2012-08-19,22
2012-08-20,40
2012-08-21,97
2012-08-22,58
2012-08-23,100
2012-08-24,72
2012-08-25,57
2012-08-26,35
2012-08-27,68
2012-08-28,73
2012-08-29,68
2012-08-30,46
2012-08-31,45
2012-09-01,18
2012-09-02,21
2012-09-03,17
2012-09-04,35
2012-09-05,47
2012-09-06,29
2012-09-07,41
2012-09-08,17
2012-09-09,33
2012-09-10,39
2012-09-11,39
2012-09-12,56
2012-09-13,68
2012-09-14,63
2012-09-15,40
2012-09-16,39
2012-09-17,56
2012-09-18,66
2012-09-19,100
2012-09-20,40
2012-09-21,74
2012-09-22,27
2012-09-23,44
2012-09-24,64
2012-09-25,56
2012-09-26,69
2012-09-27,46
2012-09-28,63
2012-09-29,31
2012-09-30,26
2012-10-01,28
2012-10-02,36
2012-10-03,45
2012-10-04,69
2012-10-05,59
2012-10-06,39
2012-10-07,30
2012-10-08,35
2012-10-09,71
2012-10-10,47
2012-10-11,62
2012-10-12,64
2012-10-13,30
2012-10-14,33
2012-10-15,63
2012-10-16,73
2012-10-17,37
2012-10-18,75
2012-10-19,77
2012-10-20,43
2012-10-21,34
2012-10-22,74
2012-10-23,49
2012-10-24,50
2012-10-25,100
2012-10-26,84
2012-10-27,76
2012-10-28,32
2012-10-29,29
2012-10-30,66
2012-10-31,100
2012-11-01,74
2012-11-02,49
2012-11-03,27
2012-11-04,21
2012-11-05,43
2012-11-06,83
2012-11-07,67
2012-11-08,48
2012-11-09,45
2012-11-10,16
2012-11-11,32
2012-11-12,48
2012-11-13,77
2012-11-14,100
2012-11-15,57
2012-11-16,72
2012-11-17,42
2012-11-18,16
2012-11-19,65
2012-11-20,52
2012-11-21,32
2012-11-22,33
2012-11-23,46
2012-11-24,37
2012-11-25,26
2012-11-26,73
2012-11-27,45
2012-11-28,99
2012-11-29,61
2012-11-30,77
2012-12-01,22
2012-12-02,34
2012-12-03,68
2012-12-04,91
2012-12-05,88
2012-12-06,89
2012-12-07,59
2012-12-08,40
2012-12-09,39
2012-12-10,41
2012-12-11,56
2012-12-12,100
2012-12-13,65
2012-12-14,71
2012-12-15,30
2012-12-16,60
2012-12-17,57
2012-12-18,41
2012-12-19,46
2012-12-20,64
2012-12-21,71
2012-12-22,43
2012-12-23,49
2012-12-24,57
2012-12-25,18
2012-12-26,38
2012-12-27,27
2012-12-28,20
2012-12-29,40
2012-12-30,23
2012-12-31,45
2013-01-01,30
2013-01-02,31
2013-01-03,27
2013-01-04,55
2013-01-05,32
2013-01-06,20
2013-01-07,37
2013-01-08,39
2013-01-09,60
2013-01-10,60
2013-01-11,44
2013-01-12,32
2013-01-13,12
2013-01-14,46
2013-01-15,59
2013-01-16,39
2013-01-17,46
2013-01-18,41
2013-01-19,20
2013-01-20,18
2013-01-21,51
2013-01-22,74
2013-01-23,52
2013-01-24,75
2013-01-25,100
2013-01-26,43
2013-01-27,67
2013-01-28,42
2013-01-29,61
2013-01-30,51
2013-01-31,64
2013-02-01,75
2013-02-02,61
2013-02-03,59
2013-02-04,79
2013-02-05,46
2013-02-06,75
2013-02-07,83
2013-02-08,62
2013-02-09,57
2013-02-10,40
2013-02-11,55
2013-02-12,77
2013-02-13,67
2013-02-14,74
2013-02-15,69
2013-02-16,18
2013-02-17,18
2013-02-18,48
2013-02-19,92
2013-02-20,71
2013-02-21,100
2013-02-22,66
2013-02-23,30
2013-02-24,30
2013-02-25,63
2013-02-26,73
2013-02-27,60
2013-02-28,61
2013-03-01,68
2013-03-02,38
2013-03-03,29
2013-03-04,86
2013-03-05,93
2013-03-06,80
2013-03-07,66
2013-03-08,100
2013-03-09,14
2013-03-10,33
2013-03-11,47
2013-03-12,81
2013-03-13,74
2013-03-14,71
2013-03-15,70
2013-03-16,43
2013-03-17,38
2013-03-18,54
2013-03-19,65
2013-03-20,82
2013-03-21,86
2013-03-22,49
2013-03-23,52
2013-03-24,19
2013-03-25,42
2013-03-26,47
2013-03-27,76
2013-03-28,57
2013-03-29,26
2013-03-30,22
2013-03-31,46
2013-04-01,31
2013-04-02,50
2013-04-03,25
2013-04-04,36
2013-04-05,50
2013-04-06,26
2013-04-07,10
2013-04-08,39
2013-04-09,55
2013-04-10,83
2013-04-11,100
2013-04-12,52
2013-04-13,38
2013-04-14,10
2013-04-15,56
2013-04-16,62
2013-04-17,85
2013-04-18,52
2013-04-19,63
2013-04-20,32
2013-04-21,35
2013-04-22,61
2013-04-23,79
2013-04-24,61
2013-04-25,65
2013-04-26,74
2013-04-27,32
2013-04-28,10
2013-04-29,47
2013-04-30,61
2013-05-01,18
2013-05-02,23
2013-05-03,16
2013-05-04,8
2013-05-05,14
2013-05-06,20
2013-05-07,23
2013-05-08,22
2013-05-09,17
2013-05-10,22
2013-05-11,5
2013-05-12,7
2013-05-13,9
2013-05-14,21
2013-05-15,19
2013-05-16,14
2013-05-17,24
2013-05-18,10
2013-05-19,6
2013-05-20,23
2013-05-21,100
2013-05-22,60
2013-05-23,38
2013-05-24,28
2013-05-25,12
2013-05-26,18
2013-05-27,7
2013-05-28,27
2013-05-29,8
2013-05-30,24
2013-05-31,18
2013-06-01,11
2013-06-02,11
2013-06-03,20
2013-06-04,11
2013-06-05,22
2013-06-06,9
2013-06-07,24
2013-06-08,11
2013-06-09,8
2013-06-10,27
2013-06-11,100
2013-06-12,54
2013-06-13,39
2013-06-14,34
2013-06-15,20
2013-06-16,11
2013-06-17,19
2013-06-18,22
2013-06-19,25
2013-06-20,34
2013-06-21,26
2013-06-22,13
2013-06-23,7
2013-06-24,11
2013-06-25,19
2013-06-26,11
2013-06-27,14
2013-06-28,14
2013-06-29,7
2013-06-30,8
2013-07-01,27
2013-07-02,37
2013-07-03,39
2013-07-04,17
2013-07-05,19
2013-07-06,10
2013-07-07,25
2013-07-08,37
2013-07-09,40
2013-07-10,45
2013-07-11,76
2013-07-12,47
2013-07-13,39
2013-07-14,23
2013-07-15,56
2013-07-16,31
2013-07-17,29
2013-07-18,57
2013-07-19,100
2013-07-20,66
2013-07-21,50
2013-07-22,76
2013-07-23,73
2013-07-24,56
2013-07-25,62
2013-07-26,61
2013-07-27,20
2013-07-28,10
2013-07-29,24
2013-07-30,34
2013-07-31,40
2013-08-01,14
2013-08-02,5
2013-08-03,8
2013-08-04,16
2013-08-05,12
2013-08-06,12
2013-08-07,12
2013-08-08,14
2013-08-09,14
2013-08-10,9
2013-08-11,8
2013-08-12,14
2013-08-13,16
2013-08-14,15
2013-08-15,10
2013-08-16,10
2013-08-17,8
2013-08-18,6
2013-08-19,13
2013-08-20,14
2013-08-21,20
2013-08-22,15
2013-08-23,100
2013-08-24,36
2013-08-25,13
2013-08-26,19
2013-08-27,25
2013-08-28,31
2013-08-29,19
2013-08-30,14
2013-08-31,7
2013-09-01,8
2013-09-02,13
2013-09-03,100
2013-09-04,57
2013-09-05,34
2013-09-06,41
2013-09-07,13
2013-09-08,17
2013-09-09,39
2013-09-10,29
2013-09-11,39
2013-09-12,33
2013-09-13,27
2013-09-14,10
2013-09-15,8
2013-09-16,25
2013-09-17,47
2013-09-18,46
2013-09-19,31
2013-09-20,29
2013-09-21,20
2013-09-22,13
2013-09-23,32
2013-09-24,38
2013-09-25,22
2013-09-26,40
2013-09-27,32
2013-09-28,18
2013-09-29,15
2013-09-30,44
2013-10-01,68
2013-10-02,70
2013-10-03,63
2013-10-04,90
2013-10-05,36
2013-10-06,26
2013-10-07,52
2013-10-08,79
2013-10-09,71
2013-10-10,43
2013-10-11,50
2013-10-12,23
2013-10-13,10
2013-10-14,37
2013-10-15,73
2013-10-16,63
2013-10-17,63
2013-10-18,72
2013-10-19,29
2013-10-20,49
2013-10-21,52
2013-10-22,51
2013-10-23,55
2013-10-24,81
2013-10-25,91
2013-10-26,30
2013-10-27,39
2013-10-28,77
2013-10-29,100
2013-10-30,62
2013-10-31,51
2013-11-01,32
2013-11-02,27
2013-11-03,23
2013-11-04,49
2013-11-05,33
2013-11-06,48
2013-11-07,80
2013-11-08,39
2013-11-09,21
2013-11-10,23
2013-11-11,30
2013-11-12,43
2013-11-13,60
2013-11-14,51
2013-11-15,44
2013-11-16,23
2013-11-17,20
2013-11-18,51
2013-11-19,45
2013-11-20,45
2013-11-21,57
2013-11-22,100
2013-11-23,43
2013-11-24,41
2013-11-25,58
2013-11-26,44
2013-11-27,39
2013-11-28,34
2013-11-29,31
2013-11-30,36
2013-12-01,29
2013-12-02,76
2013-12-03,71
2013-12-04,75
2013-12-05,100
2013-12-06,64
2013-12-07,62
2013-12-08,44
2013-12-09,72
2013-12-10,45
2013-12-11,58
2013-12-12,45
2013-12-13,59
2013-12-14,20
2013-12-15,20
2013-12-16,61
2013-12-17,38
2013-12-18,45
2013-12-19,70
2013-12-20,36
2013-12-21,40
2013-12-22,40
2013-12-23,29
2013-12-24,30
2013-12-25,18
2013-12-26,62
2013-12-27,40
2013-12-28,39
2013-12-29,26
2013-12-30,38
2013-12-31,34
2014-01-01,29
2014-01-02,25
2014-01-03,18
2014-01-04,27
2014-01-05,21
2014-01-06,63
2014-01-07,37
2014-01-08,56
2014-01-09,51
2014-01-10,41
2014-01-11,27
2014-01-12,32
2014-01-13,33
2014-01-14,46
2014-01-15,63
2014-01-16,62
2014-01-17,52
2014-01-18,27
2014-01-19,28
2014-01-20,39
2014-01-21,39
2014-01-22,54
2014-01-23,52
2014-01-24,68
2014-01-25,32
2014-01-26,24
2014-01-27,46
2014-01-28,48
2014-01-29,47
2014-01-30,50
2014-01-31,100
2014-02-01,30
2014-02-02,21
2014-02-03,51
2014-02-04,100
2014-02-05,74
2014-02-06,46
2014-02-07,55
2014-02-08,32
2014-02-09,21
2014-02-10,38
2014-02-11,61
2014-02-12,48
2014-02-13,31
2014-02-14,39
2014-02-15,24
2014-02-16,10
2014-02-17,25
2014-02-18,40
2014-02-19,37
2014-02-20,40
2014-02-21,41
2014-02-22,33
2014-02-23,29
2014-02-24,39
2014-02-25,34
2014-02-26,43
2014-02-27,54
2014-02-28,38
2014-03-01,36
2014-03-02,22
2014-03-03,49
2014-03-04,50
2014-03-05,69
2014-03-06,63
2014-03-07,61
2014-03-08,23
2014-03-09,32
2014-03-10,78
2014-03-11,45
2014-03-12,48
2014-03-13,49
2014-03-14,47
2014-03-15,33
2014-03-16,27
2014-03-17,62
2014-03-18,100
2014-03-19,52
2014-03-20,67
2014-03-21,70
2014-03-22,19
2014-03-23,18
2014-03-24,44
2014-03-25,54
2014-03-26,67
2014-03-27,78
2014-03-28,69
2014-03-29,67
2014-03-30,45
2014-03-31,41
2014-04-01,49
2014-04-02,68
2014-04-03,100
2014-04-04,71
2014-04-05,42
2014-04-06,30
2014-04-07,65
2014-04-08,68
2014-04-09,74
2014-04-10,73
2014-04-11,51
2014-04-12,37
2014-04-13,15
2014-04-14,47
2014-04-15,50
2014-04-16,46
2014-04-17,44
2014-04-18,42
2014-04-19,14
2014-04-20,29
2014-04-21,62
2014-04-22,59
2014-04-23,64
2014-04-24,56
2014-04-25,68
2014-04-26,21
2014-04-27,39
2014-04-28,45
2014-04-29,57
2014-04-30,63
2014-05-01,48
2014-05-02,98
2014-05-03,53
2014-05-04,32
2014-05-05,100
2014-05-06,89
2014-05-07,90
2014-05-08,36
2014-05-09,50
2014-05-10,43
2014-05-11,43
2014-05-12,68
2014-05-13,82
2014-05-14,75
2014-05-15,89
2014-05-16,70
2014-05-17,29
2014-05-18,34
2014-05-19,45
2014-05-20,73
2014-05-21,76
2014-05-22,60
2014-05-23,47
2014-05-24,30
2014-05-25,41
2014-05-26,35
2014-05-27,55
2014-05-28,61
2014-05-29,62
2014-05-30,61
2014-05-31,36
2014-06-01,33
2014-06-02,32
2014-06-03,100
2014-06-04,38
2014-06-05,19
2014-06-06,67
2014-06-07,33
2014-06-08,25
2014-06-09,57
2014-06-10,96
2014-06-11,44
2014-06-12,32
2014-06-13,53
2014-06-14,17
2014-06-15,17
2014-06-16,65
2014-06-17,57
2014-06-18,45
2014-06-19,65
2014-06-20,41
2014-06-21,57
2014-06-22,50
2014-06-23,65
2014-06-24,38
2014-06-25,45
2014-06-26,39
2014-06-27,67
2014-06-28,57
2014-06-29,17
2014-06-30,72
2014-07-01,23
2014-07-02,15
2014-07-03,31
2014-07-04,16
2014-07-05,12
2014-07-06,16
2014-07-07,10
2014-07-08,32
2014-07-09,29
2014-07-10,19
2014-07-11,34
2014-07-12,8
2014-07-13,10
2014-07-14,16
2014-07-15,30
2014-07-16,58
2014-07-17,100
2014-07-18,44
2014-07-19,26
2014-07-20,16
2014-07-21,31
2014-07-22,33
2014-07-23,36
2014-07-24,38
2014-07-25,35
2014-07-26,35
2014-07-27,24
2014-07-28,35
2014-07-29,25
2014-07-30,29
2014-07-31,23
2014-08-01,57
2014-08-02,34
2014-08-03,41
2014-08-04,93
2014-08-05,41
2014-08-06,83
2014-08-07,92
2014-08-08,54
2014-08-09,35
2014-08-10,53
2014-08-11,68
2014-08-12,70
2014-08-13,36
2014-08-14,51
2014-08-15,72
2014-08-16,43
2014-08-17,23
2014-08-18,32
2014-08-19,100
2014-08-20,45
2014-08-21,55
2014-08-22,61
2014-08-23,23
2014-08-24,34
2014-08-25,49
2014-08-26,94
2014-08-27,67
2014-08-28,63
2014-08-29,71
2014-08-30,28
2014-08-31,51
2014-09-01,23
2014-09-02,26
2014-09-03,57
2014-09-04,77
2014-09-05,53
2014-09-06,30
2014-09-07,24
2014-09-08,67
2014-09-09,46
2014-09-10,82
2014-09-11,67
2014-09-12,82
2014-09-13,36
2014-09-14,44
2014-09-15,90
2014-09-16,79
2014-09-17,48
2014-09-18,73
2014-09-19,100
2014-09-20,56
2014-09-21,30
2014-09-22,86
2014-09-23,66
2014-09-24,77
2014-09-25,65
2014-09-26,64
2014-09-27,29
2014-09-28,24
2014-09-29,57
2014-09-30,56
2014-10-01,100
2014-10-02,59
2014-10-03,64
2014-10-04,16
2014-10-05,22
2014-10-06,54
2014-10-07,34
2014-10-08,41
2014-10-09,64
2014-10-10,64
2014-10-11,41
2014-10-12,19
2014-10-13,35
2014-10-14,62
2014-10-15,63
2014-10-16,61
2014-10-17,44
2014-10-18,29
2014-10-19,25
2014-10-20,73
2014-10-21,77
2014-10-22,77
2014-10-23,54
2014-10-24,84
2014-10-25,54
2014-10-26,25
2014-10-27,41
2014-10-28,64
2014-10-29,38
2014-10-30,69
2014-10-31,60
2014-11-01,77
2014-11-02,46
2014-11-03,67
2014-11-04,60
2014-11-05,72
2014-11-06,80
2014-11-07,66
2014-11-08,43
2014-11-09,46
2014-11-10,66
2014-11-11,73
2014-11-12,72
2014-11-13,65
2014-11-14,64
2014-11-15,56
2014-11-16,11
2014-11-17,97
2014-11-18,100
2014-11-19,66
2014-11-20,69
2014-11-21,71
2014-11-22,53
2014-11-23,15
2014-11-24,41
2014-11-25,67
2014-11-26,62
2014-11-27,51
2014-11-28,51
2014-11-29,26
2014-11-30,26
2014-12-01,49
2014-12-02,58
2014-12-03,37
2014-12-04,60
2014-12-05,100
2014-12-06,20
2014-12-07,28
2014-12-08,51
2014-12-09,62
2014-12-10,67
2014-12-11,46
2014-12-12,50
2014-12-13,29
2014-12-14,33
2014-12-15,56
2014-12-16,30
2014-12-17,50
2014-12-18,64
2014-12-19,49
2014-12-20,52
2014-12-21,15
2014-12-22,44
2014-12-23,39
2014-12-24,59
2014-12-25,24
2014-12-26,47
2014-12-27,12
2014-12-28,36
2014-12-29,18
2014-12-30,28
2014-12-31,43
2015-01-01,17
2015-01-02,14
2015-01-03,29
2015-01-04,23
2015-01-05,28
2015-01-06,56
2015-01-07,38
2015-01-08,26
2015-01-09,52
2015-01-10,13
2015-01-11,10
2015-01-12,36
2015-01-13,33
2015-01-14,28
2015-01-15,30
2015-01-16,57
2015-01-17,32
2015-01-18,21
2015-01-19,34
2015-01-20,31
2015-01-21,52
2015-01-22,69
2015-01-23,43
2015-01-24,34
2015-01-25,24
2015-01-26,62
2015-01-27,100
2015-01-28,79
2015-01-29,96
2015-01-30,89
2015-01-31,36
2015-02-01,38
2015-02-02,93
2015-02-03,88
2015-02-04,93
2015-02-05,97
2015-02-06,53
2015-02-07,43
2015-02-08,18
2015-02-09,89
2015-02-10,89
2015-02-11,88
2015-02-12,88
2015-02-13,92
2015-02-14,51
2015-02-15,59
2015-02-16,49
2015-02-17,57
2015-02-18,100
2015-02-19,83
2015-02-20,80
2015-02-21,35
2015-02-22,46
2015-02-23,75
2015-02-24,85
2015-02-25,79
2015-02-26,54
2015-02-27,81
2015-02-28,42
2015-03-01,34
2015-03-02,59
2015-03-03,67
2015-03-04,67
2015-03-05,100
2015-03-06,87
2015-03-07,30
2015-03-08,41
2015-03-09,73
2015-03-10,52
2015-03-11,69
2015-03-12,81
2015-03-13,60
2015-03-14,41
2015-03-15,21
2015-03-16,67
2015-03-17,90
2015-03-18,82
2015-03-19,70
2015-03-20,66
2015-03-21,31
2015-03-22,31
2015-03-23,45
2015-03-24,49
2015-03-25,62
2015-03-26,84
2015-03-27,77
2015-03-28,23
2015-03-29,56
2015-03-30,38
2015-03-31,83
2015-04-01,36
2015-04-02,57
2015-04-03,43
2015-04-04,23
2015-04-05,32
2015-04-06,52
2015-04-07,41
2015-04-08,56
2015-04-09,49
2015-04-10,35
2015-04-11,23
2015-04-12,11
2015-04-13,46
2015-04-14,58
2015-04-15,44
2015-04-16,51
2015-04-17,53
2015-04-18,16
2015-04-19,18
2015-04-20,31
2015-04-21,42
2015-04-22,50
2015-04-23,53
2015-04-24,100
2015-04-25,43
2015-04-26,18
2015-04-27,64
2015-04-28,61
2015-04-29,84
2015-04-30,67
2015-05-01,88
2015-05-02,44
2015-05-03,44
2015-05-04,98
2015-05-05,100
2015-05-06,95
2015-05-07,68
2015-05-08,62
2015-05-09,37
2015-05-10,19
2015-05-11,53
2015-05-12,61
2015-05-13,71
2015-05-14,97
2015-05-15,52
2015-05-16,62
2015-05-17,18
2015-05-18,53
2015-05-19,68
2015-05-20,66
2015-05-21,55
2015-05-22,71
2015-05-23,39
2015-05-24,26
2015-05-25,18
2015-05-26,34
2015-05-27,53
2015-05-28,51
2015-05-29,33
2015-05-30,31
2015-05-31,17
2015-06-01,74
2015-06-02,83
2015-06-03,67
2015-06-04,63
2015-06-05,70
2015-06-06,52
2015-06-07,54
2015-06-08,72
2015-06-09,40
2015-06-10,96
2015-06-11,78
2015-06-12,90
2015-06-13,41
2015-06-14,18
2015-06-15,77
2015-06-16,94
2015-06-17,81
2015-06-18,100
2015-06-19,71
2015-06-20,34
2015-06-21,65
2015-06-22,82
2015-06-23,63
2015-06-24,81
2015-06-25,69
2015-06-26,62
2015-06-27,40
2015-06-28,41
2015-06-29,50
2015-06-30,80
2015-07-01,44
2015-07-02,49
2015-07-03,31
2015-07-04,25
2015-07-05,10
2015-07-06,18
2015-07-07,43
2015-07-08,100
2015-07-09,43
2015-07-10,46
2015-07-11,23
2015-07-12,14
2015-07-13,22
2015-07-14,57
2015-07-15,25
2015-07-16,52
2015-07-17,34
2015-07-18,24
2015-07-19,30
2015-07-20,46
2015-07-21,62
2015-07-22,80
2015-07-23,44
2015-07-24,49
2015-07-25,19
2015-07-26,28
2015-07-27,43
2015-07-28,61
2015-07-29,72
2015-07-30,40
2015-07-31,71
2015-08-01,23
2015-08-02,21
2015-08-03,41
2015-08-04,36
2015-08-05,37
2015-08-06,44
2015-08-07,38
2015-08-08,21
2015-08-09,19
2015-08-10,28
2015-08-11,27
2015-08-12,38
2015-08-13,32
2015-08-14,28
2015-08-15,25
2015-08-16,12
2015-08-17,27
2015-08-18,32
2015-08-19,22
2015-08-20,29
2015-08-21,39
2015-08-22,37
2015-08-23,18
2015-08-24,99
2015-08-25,100
2015-08-26,65
2015-08-27,41
2015-08-28,42
2015-08-29,27
2015-08-30,25
2015-08-31,36
2015-09-01,81
2015-09-02,100
2015-09-03,55
2015-09-04,48
2015-09-05,36
2015-09-06,49
2015-09-07,34
2015-09-08,72
2015-09-09,65
2015-09-10,62
2015-09-11,80
2015-09-12,35
2015-09-13,23
2015-09-14,57
2015-09-15,77
2015-09-16,72
2015-09-17,87
2015-09-18,68
2015-09-19,28
2015-09-20,17
2015-09-21,53
2015-09-22,56
2015-09-23,54
2015-09-24,50
2015-09-25,53
2015-09-26,35
2015-09-27,31
2015-09-28,78
2015-09-29,49
2015-09-30,58
2015-10-01,34
2015-10-02,32
2015-10-03,15
2015-10-04,12
2015-10-05,37
2015-10-06,67
2015-10-07,78
2015-10-08,58
2015-10-09,37
2015-10-10,15
2015-10-11,17
2015-10-12,39
2015-10-13,29
2015-10-14,50
2015-10-15,45
2015-10-16,35
2015-10-17,12
2015-10-18,26
2015-10-19,38
2015-10-20,36
2015-10-21,48
2015-10-22,80
2015-10-23,100
2015-10-24,42
2015-10-25,22
2015-10-26,87
2015-10-27,58
2015-10-28,73
2015-10-29,55
2015-10-30,42
2015-10-31,30
2015-11-01,34
2015-11-02,76
2015-11-03,83
2015-11-04,98
2015-11-05,88
2015-11-06,69
2015-11-07,42
2015-11-08,29
2015-11-09,82
2015-11-10,75
2015-11-11,47
2015-11-12,100
2015-11-13,68
2015-11-14,32
2015-11-15,32
2015-11-16,69
2015-11-17,61
2015-11-18,60
2015-11-19,75
2015-11-20,69
2015-11-21,22
2015-11-22,35
2015-11-23,59
2015-11-24,39
2015-11-25,47
2015-11-26,20
2015-11-27,58
2015-11-28,41
2015-11-29,19
2015-11-30,81
2015-12-01,89
2015-12-02,82
2015-12-03,71
2015-12-04,100
2015-12-05,45
2015-12-06,22
2015-12-07,91
2015-12-08,76
2015-12-09,91
2015-12-10,84
2015-12-11,53
2015-12-12,17
2015-12-13,26
2015-12-14,83
2015-12-15,76
2015-12-16,63
2015-12-17,67
2015-12-18,65
2015-12-19,32
2015-12-20,36
2015-12-21,81
2015-12-22,33
2015-12-23,58
2015-12-24,47
2015-12-25,22
2015-12-26,18
2015-12-27,38
2015-12-28,63
2015-12-29,72
2015-12-30,47
2015-12-31,60
2016-01-01,23
2016-01-02,18
2016-01-03,27
2016-01-04,37
2016-01-05,49
2016-01-06,37
2016-01-07,62
2016-01-08,67
2016-01-09,43
2016-01-10,11
2016-01-11,55
2016-01-12,39
2016-01-13,77
2016-01-14,65
2016-01-15,64
2016-01-16,18
2016-01-17,25
2016-01-18,28
2016-01-19,44
2016-01-20,73
2016-01-21,71
2016-01-22,58
2016-01-23,33
2016-01-24,12
2016-01-25,64
2016-01-26,41
2016-01-27,59
2016-01-28,84
2016-01-29,100
2016-01-30,46
2016-01-31,33
2016-02-01,80
2016-02-02,100
2016-02-03,64
2016-02-04,62
2016-02-05,72
2016-02-06,38
2016-02-07,28
2016-02-08,64
2016-02-09,88
2016-02-10,57
2016-02-11,69
2016-02-12,82
2016-02-13,36
2016-02-14,15
2016-02-15,22
2016-02-16,49
2016-02-17,79
2016-02-18,59
2016-02-19,48
2016-02-20,31
2016-02-21,23
2016-02-22,63
2016-02-23,75
2016-02-24,71
2016-02-25,74
2016-02-26,68
2016-02-27,28
2016-02-28,35
2016-02-29,51
2016-03-01,76
2016-03-02,64
2016-03-03,73
2016-03-04,49
2016-03-05,38
2016-03-06,30
2016-03-07,52
2016-03-08,57
2016-03-09,55
2016-03-10,53
2016-03-11,64
2016-03-12,33
2016-03-13,20
2016-03-14,37
2016-03-15,55
2016-03-16,58
2016-03-17,100
2016-03-18,80
2016-03-19,19
2016-03-20,28
2016-03-21,91
2016-03-22,68
2016-03-23,49
2016-03-24,53
2016-03-25,43
2016-03-26,20
2016-03-27,29
2016-03-28,66
2016-03-29,68
2016-03-30,79
2016-03-31,70
2016-04-01,36
2016-04-02,21
2016-04-03,23
2016-04-04,37
2016-04-05,32
2016-04-06,41
2016-04-07,38
2016-04-08,32
2016-04-09,21
2016-04-10,8
2016-04-11,27
2016-04-12,32
2016-04-13,34
2016-04-14,23
2016-04-15,44
2016-04-16,26
2016-04-17,18
2016-04-18,47
2016-04-19,34
2016-04-20,37
2016-04-21,61
2016-04-22,100
2016-04-23,35
2016-04-24,17
2016-04-25,54
2016-04-26,49
2016-04-27,53
2016-04-28,56
2016-04-29,42
2016-04-30,15
2016-05-01,19
2016-05-02,100
2016-05-03,97
2016-05-04,51
2016-05-05,68
2016-05-06,68
2016-05-07,16
2016-05-08,29
2016-05-09,52
2016-05-10,36
2016-05-11,89
2016-05-12,85
2016-05-13,46
2016-05-14,33
2016-05-15,13
2016-05-16,63
2016-05-17,73
2016-05-18,58
2016-05-19,56
2016-05-20,50
2016-05-21,39
2016-05-22,15
2016-05-23,60
2016-05-24,88
2016-05-25,94
2016-05-26,82
2016-05-27,74
2016-05-28,27
2016-05-29,24
2016-05-30,19
2016-05-31,32
2016-06-01,13
2016-06-02,10
2016-06-03,10
2016-06-04,6
2016-06-05,8
2016-06-06,15
2016-06-07,12
2016-06-08,16
2016-06-09,9
2016-06-10,11
2016-06-11,9
2016-06-12,6
2016-06-13,100
2016-06-14,55
2016-06-15,31
2016-06-16,26
2016-06-17,24
2016-06-18,10
2016-06-19,6
2016-06-20,17
2016-06-21,17
2016-06-22,20
2016-06-23,21
2016-06-24,42
2016-06-25,20
2016-06-26,10
2016-06-27,21
2016-06-28,19
2016-06-29,18
2016-06-30,10
2016-07-01,22
2016-07-02,24
2016-07-03,17
2016-07-04,18
2016-07-05,26
2016-07-06,32
2016-07-07,37
2016-07-08,29
2016-07-09,13
2016-07-10,14
2016-07-11,37
2016-07-12,27
2016-07-13,32
2016-07-14,34
2016-07-15,32
2016-07-16,18
2016-07-17,27
2016-07-18,30
2016-07-19,60
2016-07-20,100
2016-07-21,45
2016-07-22,34
2016-07-23,20
2016-07-24,18
2016-07-25,40
2016-07-26,41
2016-07-27,30
2016-07-28,30
2016-07-29,26
2016-07-30,20
2016-07-31,20
2016-08-01,55
2016-08-02,89
2016-08-03,83
2016-08-04,91
2016-08-05,100
2016-08-06,28
2016-08-07,27
2016-08-08,80
2016-08-09,65
2016-08-10,43
2016-08-11,60
2016-08-12,64
2016-08-13,45
2016-08-14,23
2016-08-15,66
2016-08-16,59
2016-08-17,80
2016-08-18,85
2016-08-19,45
2016-08-20,23
2016-08-21,14
2016-08-22,67
2016-08-23,71
2016-08-24,50
2016-08-25,73
2016-08-26,67
2016-08-27,39
2016-08-28,30
2016-08-29,64
2016-08-30,72
2016-08-31,72
2016-09-01,48
2016-09-02,47
2016-09-03,22
2016-09-04,25
2016-09-05,15
2016-09-06,66
2016-09-07,66
2016-09-08,54
2016-09-09,41
2016-09-10,40
2016-09-11,10
2016-09-12,40
2016-09-13,70
2016-09-14,44
2016-09-15,67
2016-09-16,80
2016-09-17,18
2016-09-18,13
2016-09-19,52
2016-09-20,83
2016-09-21,94
2016-09-22,58
2016-09-23,60
2016-09-24,35
2016-09-25,26
2016-09-26,100
2016-09-27,92
2016-09-28,56
2016-09-29,53
2016-09-30,36
2016-10-01,13
2016-10-02,16
2016-10-03,34
2016-10-04,29
2016-10-05,42
2016-10-06,40
2016-10-07,29
2016-10-08,6
2016-10-09,18
2016-10-10,40
2016-10-11,41
2016-10-12,44
2016-10-13,40
2016-10-14,28
2016-10-15,23
2016-10-16,18
2016-10-17,31
2016-10-18,45
2016-10-19,36
2016-10-20,52
2016-10-21,100
2016-10-22,31
2016-10-23,17
2016-10-24,55
2016-10-25,57
2016-10-26,74
2016-10-27,74
2016-10-28,70
2016-10-29,28
2016-10-30,16
2016-10-31,51
2016-11-01,78
2016-11-02,69
2016-11-03,66
2016-11-04,41
2016-11-05,26
2016-11-06,22
2016-11-07,63
2016-11-08,63
2016-11-09,100
2016-11-10,94
2016-11-11,61
2016-11-12,40
2016-11-13,27
2016-11-14,78
2016-11-15,67
2016-11-16,75
2016-11-17,82
2016-11-18,53
2016-11-19,15
2016-11-20,15
2016-11-21,54
2016-11-22,80
2016-11-23,63
2016-11-24,25
2016-11-25,44
2016-11-26,33
2016-11-27,21
2016-11-28,59
2016-11-29,53
2016-11-30,72
2016-12-01,48
2016-12-02,46
2016-12-03,23
2016-12-04,18
2016-12-05,66
2016-12-06,60
2016-12-07,68
2016-12-08,93
2016-12-09,80
2016-12-10,29
2016-12-11,13
2016-12-12,57
2016-12-13,100
2016-12-14,62
2016-12-15,65
2016-12-16,74
2016-12-17,31
2016-12-18,31
2016-12-19,42
2016-12-20,59
2016-12-21,42
2016-12-22,59
2016-12-23,33
2016-12-24,14
2016-12-25,27
2016-12-26,20
2016-12-27,51
2016-12-28,48
2016-12-29,53
2016-12-30,50
2016-12-31,15
2017-01-01,10
2017-01-02,37
2017-01-03,39
2017-01-04,53
2017-01-05,50
2017-01-06,52
2017-01-07,9
2017-01-08,32
2017-01-09,47
2017-01-10,26
2017-01-11,30
2017-01-12,49
2017-01-13,50
2017-01-14,31
2017-01-15,12
2017-01-16,25
2017-01-17,45
2017-01-18,36
2017-01-19,45
2017-01-20,50
2017-01-21,25
2017-01-22,29
2017-01-23,45
2017-01-24,64
2017-01-25,60
2017-01-26,96
2017-01-27,100
2017-01-28,42
2017-01-29,23
2017-01-30,50
2017-01-31,57
2017-02-01,67
2017-02-02,72
2017-02-03,89
2017-02-04,31
2017-02-05,48
2017-02-06,60
2017-02-07,83
2017-02-08,77
2017-02-09,75
2017-02-10,77
2017-02-11,48
2017-02-12,28
2017-02-13,72
2017-02-14,100
2017-02-15,77
2017-02-16,92
2017-02-17,75
2017-02-18,40
2017-02-19,36
2017-02-20,22
2017-02-21,75
2017-02-22,66
2017-02-23,70
2017-02-24,54
2017-02-25,47
2017-02-26,20
2017-02-27,85
2017-02-28,85
2017-03-01,84
2017-03-02,100
2017-03-03,89
2017-03-04,45
2017-03-05,37
2017-03-06,77
2017-03-07,64
2017-03-08,85
2017-03-09,76
2017-03-10,69
2017-03-11,39
2017-03-12,20
2017-03-13,76
2017-03-14,77
2017-03-15,53
2017-03-16,68
2017-03-17,64
2017-03-18,20
2017-03-19,28
2017-03-20,41
2017-03-21,64
2017-03-22,83
2017-03-23,65
2017-03-24,54
2017-03-25,38
2017-03-26,33
2017-03-27,50
2017-03-28,80
2017-03-29,56
2017-03-30,65
2017-03-31,68
2017-04-01,23
2017-04-02,18
2017-04-03,46
2017-04-04,58
2017-04-05,62
2017-04-06,50
2017-04-07,54
2017-04-08,22
2017-04-09,14
2017-04-10,48
2017-04-11,43
2017-04-12,47
2017-04-13,36
2017-04-14,39
2017-04-15,22
2017-04-16,27
2017-04-17,49
2017-04-18,52
2017-04-19,53
2017-04-20,62
2017-04-21,43
2017-04-22,29
2017-04-23,25
2017-04-24,48
2017-04-25,89
2017-04-26,72
2017-04-27,100
2017-04-28,68
2017-04-29,28
2017-04-30,25
2017-05-01,82
2017-05-02,100
2017-05-03,89
2017-05-04,69
2017-05-05,61
2017-05-06,19
2017-05-07,17
2017-05-08,80
2017-05-09,90
2017-05-10,64
2017-05-11,82
2017-05-12,71
2017-05-13,33
2017-05-14,31
2017-05-15,83
2017-05-16,67
2017-05-17,88
2017-05-18,74
2017-05-19,60
2017-05-20,30
2017-05-21,22
2017-05-22,38
2017-05-23,52
2017-05-24,65
2017-05-25,65
2017-05-26,53
2017-05-27,25
2017-05-28,17
2017-05-29,14
2017-05-30,62
2017-05-31,41
2017-06-01,61
2017-06-02,51
2017-06-03,36
2017-06-04,29
2017-06-05,64
2017-06-06,65
2017-06-07,74
2017-06-08,84
2017-06-09,79
2017-06-10,30
2017-06-11,18
2017-06-12,93
2017-06-13,100
2017-06-14,72
2017-06-15,55
2017-06-16,72
2017-06-17,30
2017-06-18,28
2017-06-19,92
2017-06-20,54
2017-06-21,67
2017-06-22,72
2017-06-23,62
2017-06-24,46
2017-06-25,28
2017-06-26,46
2017-06-27,59
2017-06-28,48
2017-06-29,81
2017-06-30,65
2017-07-01,16
2017-07-02,11
2017-07-03,45
2017-07-04,61
2017-07-05,38
2017-07-06,41
2017-07-07,34
2017-07-08,16
2017-07-09,17
2017-07-10,29
2017-07-11,32
2017-07-12,44
2017-07-13,37
2017-07-14,32
2017-07-15,17
2017-07-16,8
2017-07-17,54
2017-07-18,51
2017-07-19,43
2017-07-20,92
2017-07-21,100
2017-07-22,24
2017-07-23,14
2017-07-24,36
2017-07-25,44
2017-07-26,45
2017-07-27,55
2017-07-28,38
2017-07-29,19
2017-07-30,15
2017-07-31,32
2017-08-01,98
2017-08-02,100
2017-08-03,82
2017-08-04,85
2017-08-05,25
2017-08-06,32
2017-08-07,70
2017-08-08,79
2017-08-09,59
2017-08-10,72
2017-08-11,70
2017-08-12,31
2017-08-13,27
2017-08-14,66
2017-08-15,72
2017-08-16,91
2017-08-17,87
2017-08-18,77
2017-08-19,20
2017-08-20,33
2017-08-21,41
2017-08-22,82
2017-08-23,63
2017-08-24,73
2017-08-25,53
2017-08-26,29
2017-08-27,30
2017-08-28,66
2017-08-29,69
2017-08-30,68
2017-08-31,90
2017-09-01,55
2017-09-02,38
2017-09-03,27
2017-09-04,30
2017-09-05,64
2017-09-06,66
2017-09-07,56
2017-09-08,83
2017-09-09,33
2017-09-10,26
2017-09-11,82
2017-09-12,88
2017-09-13,79
2017-09-14,70
2017-09-15,54
2017-09-16,37
2017-09-17,29
2017-09-18,84
2017-09-19,96
2017-09-20,77
2017-09-21,100
2017-09-22,68
2017-09-23,43
2017-09-24,27
2017-09-25,64
2017-09-26,90
2017-09-27,95
2017-09-28,67
2017-09-29,95
2017-09-30,32
2017-10-01,13
2017-10-02,22
2017-10-03,32
2017-10-04,23
2017-10-05,27
2017-10-06,33
2017-10-07,17
2017-10-08,20
2017-10-09,30
2017-10-10,20
2017-10-11,23
2017-10-12,36
2017-10-13,21
2017-10-14,29
2017-10-15,23
2017-10-16,31
2017-10-17,26
2017-10-18,35
2017-10-19,25
2017-10-20,36
2017-10-21,11
2017-10-22,10
2017-10-23,32
2017-10-24,42
2017-10-25,45
2017-10-26,77
2017-10-27,100
2017-10-28,35
2017-10-29,9
2017-10-30,45
2017-10-31,44
2017-11-01,100
2017-11-02,83
2017-11-03,81
2017-11-04,31
2017-11-05,30
2017-11-06,55
2017-11-07,96
2017-11-08,72
2017-11-09,65
2017-11-10,74
2017-11-11,26
2017-11-12,20
2017-11-13,56
2017-11-14,69
2017-11-15,63
2017-11-16,58
2017-11-17,69
2017-11-18,34
2017-11-19,16
2017-11-20,59
2017-11-21,70
2017-11-22,62
2017-11-23,24
2017-11-24,55
2017-11-25,29
2017-11-26,17
2017-11-27,45
2017-11-28,91
2017-11-29,80
2017-11-30,80
2017-12-01,78
2017-12-02,40
2017-12-03,17
2017-12-04,96
2017-12-05,77
2017-12-06,67
2017-12-07,57
2017-12-08,82
2017-12-09,39
2017-12-10,16
2017-12-11,63
2017-12-12,62
2017-12-13,68
2017-12-14,66
2017-12-15,100
2017-12-16,32
2017-12-17,28
2017-12-18,69
2017-12-19,78
2017-12-20,65
2017-12-21,56
2017-12-22,74
2017-12-23,34
2017-12-24,18
2017-12-25,24
2017-12-26,57
2017-12-27,50
2017-12-28,69
2017-12-29,55
2017-12-30,34
2017-12-31,16
2018-01-01,16
2018-01-02,44
2018-01-03,50
2018-01-04,53
2018-01-05,43
2018-01-06,26
2018-01-07,14
2018-01-08,32
2018-01-09,47
2018-01-10,51
2018-01-11,44
2018-01-12,53
2018-01-13,27
2018-01-14,23
2018-01-15,22
2018-01-16,51
2018-01-17,61
2018-01-18,68
2018-01-19,48
2018-01-20,19
2018-01-21,12
2018-01-22,54
2018-01-23,73
2018-01-24,61
2018-01-25,51
2018-01-26,61
2018-01-27,37
2018-01-28,36
2018-01-29,57
2018-01-30,70
2018-01-31,100
2018-02-01,84
2018-02-02,73
2018-02-03,29
2018-02-04,12
2018-02-05,68
2018-02-06,100
2018-02-07,73
2018-02-08,68
2018-02-09,82
2018-02-10,33
2018-02-11,12
2018-02-12,57
2018-02-13,52
2018-02-14,66
2018-02-15,63
2018-02-16,46
2018-02-17,19
2018-02-18,8
2018-02-19,22
2018-02-20,32
2018-02-21,40
2018-02-22,41
2018-02-23,45
2018-02-24,17
2018-02-25,17
2018-02-26,58
2018-02-27,49
2018-02-28,46
2018-03-01,48
2018-03-02,53
2018-03-03,17
2018-03-04,16
2018-03-05,55
2018-03-06,39
2018-03-07,41
2018-03-08,45
2018-03-09,54
2018-03-10,23
2018-03-11,11
2018-03-12,46
2018-03-13,49
2018-03-14,48
2018-03-15,51
2018-03-16,42
2018-03-17,14
2018-03-18,8
2018-03-19,53
2018-03-20,53
2018-03-21,46
2018-03-22,41
2018-03-23,58
2018-03-24,23
2018-03-25,17
2018-03-26,71
2018-03-27,100
2018-03-28,52
2018-03-29,65
2018-03-30,47
2018-03-31,21
2018-04-01,16
2018-04-02,73
2018-04-03,79
2018-04-04,74
2018-04-05,71
2018-04-06,61
2018-04-07,18
2018-04-08,16
2018-04-09,67
2018-04-10,60
2018-04-11,50
2018-04-12,59
2018-04-13,55
2018-04-14,21
2018-04-15,16
2018-04-16,62
2018-04-17,72
2018-04-18,56
2018-04-19,61
2018-04-20,57
2018-04-21,16
2018-04-22,18
2018-04-23,51
2018-04-24,67
2018-04-25,58
2018-04-26,91
2018-04-27,100
2018-04-28,32
2018-04-29,13
2018-04-30,64
2018-05-01,84
2018-05-02,70
2018-05-03,68
2018-05-04,72
2018-05-05,19
2018-05-06,19
2018-05-07,66
2018-05-08,72
2018-05-09,56
2018-05-10,94
2018-05-11,91
2018-05-12,30
2018-05-13,20
2018-05-14,84
2018-05-15,58
2018-05-16,80
2018-05-17,55
2018-05-18,77
2018-05-19,28
2018-05-20,17
2018-05-21,62
2018-05-22,66
2018-05-23,65
2018-05-24,73
2018-05-25,50
2018-05-26,18
2018-05-27,9
2018-05-28,10
2018-05-29,66
2018-05-30,65
2018-05-31,100
2018-06-01,41
2018-06-02,20
2018-06-03,18
2018-06-04,100
2018-06-05,65
2018-06-06,65
2018-06-07,45
2018-06-08,42
2018-06-09,29
2018-06-10,15
2018-06-11,45
2018-06-12,49
2018-06-13,42
2018-06-14,44
2018-06-15,47
2018-06-16,21
2018-06-17,11
2018-06-18,42
2018-06-19,36
2018-06-20,42
2018-06-21,46
2018-06-22,37
2018-06-23,20
2018-06-24,10
2018-06-25,33
2018-06-26,38
2018-06-27,39
2018-06-28,33
2018-06-29,36
2018-06-30,13
2018-07-01,12
2018-07-02,32
2018-07-03,28
2018-07-04,9
2018-07-05,43
2018-07-06,26
2018-07-07,18
2018-07-08,14
2018-07-09,27
2018-07-10,30
2018-07-11,44
2018-07-12,42
2018-07-13,43
2018-07-14,17
2018-07-15,10
2018-07-16,27
2018-07-17,45
2018-07-18,61
2018-07-19,96
2018-07-20,100
2018-07-21,26
2018-07-22,20
2018-07-23,40
2018-07-24,55
2018-07-25,52
2018-07-26,87
2018-07-27,67
2018-07-28,23
2018-07-29,16
2018-07-30,53
2018-07-31,70
2018-08-01,71
2018-08-02,84
2018-08-03,65
2018-08-04,31
2018-08-05,18
2018-08-06,67
2018-08-07,83
2018-08-08,66
2018-08-09,53
2018-08-10,60
2018-08-11,26
2018-08-12,18
2018-08-13,60
2018-08-14,74
2018-08-15,70
2018-08-16,78
2018-08-17,73
2018-08-18,32
2018-08-19,13
2018-08-20,48
2018-08-21,65
2018-08-22,66
2018-08-23,71
2018-08-24,62
2018-08-25,23
2018-08-26,16
2018-08-27,62
2018-08-28,65
2018-08-29,100
2018-08-30,75
2018-08-31,75
2018-09-01,26
2018-09-02,14
2018-09-03,30
2018-09-04,75
2018-09-05,100
2018-09-06,69
2018-09-07,64
2018-09-08,37
2018-09-09,21
2018-09-10,59
2018-09-11,72
2018-09-12,66
2018-09-13,67
2018-09-14,76
2018-09-15,23
2018-09-16,19
2018-09-17,59
2018-09-18,82
2018-09-19,76
2018-09-20,78
2018-09-21,65
2018-09-22,25
2018-09-23,17
2018-09-24,65
2018-09-25,73
2018-09-26,75
2018-09-27,68
2018-09-28,59
2018-09-29,23
2018-09-30,18
2018-10-01,49
2018-10-02,55
2018-10-03,43
2018-10-04,47
2018-10-05,36
2018-10-06,15
2018-10-07,17
2018-10-08,37
2018-10-09,37
2018-10-10,65
2018-10-11,83
2018-10-12,59
2018-10-13,21
2018-10-14,10
2018-10-15,46
2018-10-16,80
2018-10-17,56
2018-10-18,49
2018-10-19,36
2018-10-20,16
2018-10-21,12
2018-10-22,43
2018-10-23,51
2018-10-24,92
2018-10-25,100
2018-10-26,86
2018-10-27,20
2018-10-28,19
2018-10-29,55
2018-10-30,62
2018-10-31,61
2018-11-01,75
2018-11-02,63
2018-11-03,30
2018-11-04,23
2018-11-05,70
2018-11-06,58
2018-11-07,74
2018-11-08,72
2018-11-09,56
2018-11-10,22
2018-11-11,21
2018-11-12,55
2018-11-13,62
2018-11-14,57
2018-11-15,54
2018-11-16,52
2018-11-17,18
2018-11-18,10
2018-11-19,62
2018-11-20,75
2018-11-21,70
2018-11-22,30
2018-11-23,30
2018-11-24,29
2018-11-25,23
2018-11-26,59
2018-11-27,80
2018-11-28,100
2018-11-29,97
2018-11-30,87
2018-12-01,47
2018-12-02,24
2018-12-03,76
2018-12-04,94
2018-12-05,66
2018-12-06,88
2018-12-07,89
2018-12-08,28
2018-12-09,20
2018-12-10,73
2018-12-11,89
2018-12-12,79
2018-12-13,81
2018-12-14,68
2018-12-15,37
2018-12-16,14
2018-12-17,62
2018-12-18,78
2018-12-19,78
2018-12-20,95
2018-12-21,89
2018-12-22,24
2018-12-23,24
2018-12-24,75
2018-12-25,46
2018-12-26,100
2018-12-27,90
2018-12-28,84
2018-12-29,25
2018-12-30,23
2018-12-31,47
2019-01-01,23
2019-01-02,58
2019-01-03,76
2019-01-04,72
2019-01-05,27
2019-01-06,10
2019-01-07,56
2019-01-08,62
2019-01-09,62
2019-01-10,49
2019-01-11,49
2019-01-12,20
2019-01-13,14
2019-01-14,39
2019-01-15,60
2019-01-16,77
2019-01-17,52
2019-01-18,67
2019-01-19,20
2019-01-20,14
2019-01-21,25
2019-01-22,42
2019-01-23,50
2019-01-24,56
2019-01-25,51
2019-01-26,29
2019-01-27,17
2019-01-28,42
2019-01-29,59
2019-01-30,88
2019-01-31,100
2019-02-01,77
2019-02-02,31
2019-02-03,29
2019-02-04,70
2019-02-05,100
2019-02-06,69
2019-02-07,63
2019-02-08,69
2019-02-09,29
2019-02-10,5
2019-02-11,66
2019-02-12,57
2019-02-13,55
2019-02-14,82
2019-02-15,61
2019-02-16,26
2019-02-17,16
2019-02-18,26
2019-02-19,52
2019-02-20,85
2019-02-21,74
2019-02-22,80
2019-02-23,25
2019-02-24,28
2019-02-25,75
2019-02-26,92
2019-02-27,72
2019-02-28,64
2019-03-01,59
2019-03-02,25
2019-03-03,16
2019-03-04,49
2019-03-05,68
2019-03-06,72
2019-03-07,51
2019-03-08,61
2019-03-09,19
2019-03-10,13
2019-03-11,60
2019-03-12,61
2019-03-13,67
2019-03-14,70
2019-03-15,75
2019-03-16,36
2019-03-17,30
2019-03-18,80
2019-03-19,88
2019-03-20,87
2019-03-21,90
2019-03-22,100
2019-03-23,27
2019-03-24,25
2019-03-25,75
2019-03-26,74
2019-03-27,84
2019-03-28,66
2019-03-29,73
2019-03-30,10
2019-03-31,15
2019-04-01,37
2019-04-02,40
2019-04-03,44
2019-04-04,44
2019-04-05,37
2019-04-06,13
2019-04-07,13
2019-04-08,32
2019-04-09,33
2019-04-10,41
2019-04-11,35
2019-04-12,48
2019-04-13,17
2019-04-14,12
2019-04-15,29
2019-04-16,35
2019-04-17,43
2019-04-18,33
2019-04-19,20
2019-04-20,16
2019-04-21,7
2019-04-22,38
2019-04-23,50
2019-04-24,79
2019-04-25,100
2019-04-26,69
2019-04-27,24
2019-04-28,11
2019-04-29,42
2019-04-30,52
2019-05-01,100
2019-05-02,77
2019-05-03,97
2019-05-04,30
2019-05-05,25
2019-05-06,74
2019-05-07,82
2019-05-08,71
2019-05-09,58
2019-05-10,73
2019-05-11,30
2019-05-12,20
2019-05-13,86
2019-05-14,80
2019-05-15,82
2019-05-16,75
2019-05-17,81
2019-05-18,34
2019-05-19,20
2019-05-20,63
2019-05-21,91
2019-05-22,61
2019-05-23,58
2019-05-24,66
2019-05-25,27
2019-05-26,12
2019-05-27,15
2019-05-28,44
2019-05-29,66
2019-05-30,63
2019-05-31,67
2019-06-01,21
2019-06-02,15
2019-06-03,58
2019-06-04,73
2019-06-05,67
2019-06-06,83
2019-06-07,94
2019-06-08,49
2019-06-09,36
2019-06-10,100
2019-06-11,91
2019-06-12,78
2019-06-13,73
2019-06-14,66
2019-06-15,25
2019-06-16,22
2019-06-17,54
2019-06-18,80
2019-06-19,68
2019-06-20,64
2019-06-21,66
2019-06-22,30
2019-06-23,15
2019-06-24,74
2019-06-25,90
2019-06-26,72
2019-06-27,70
2019-06-28,62
2019-06-29,31
2019-06-30,23
2019-07-01,43
2019-07-02,36
2019-07-03,28
2019-07-04,19
2019-07-05,30
2019-07-06,15
2019-07-07,8
2019-07-08,35
2019-07-09,31
2019-07-10,37
2019-07-11,43
2019-07-12,42
2019-07-13,13
2019-07-14,12
2019-07-15,47
2019-07-16,44
2019-07-17,41
2019-07-18,80
2019-07-19,100
2019-07-20,20
2019-07-21,16
2019-07-22,41
2019-07-23,42
2019-07-24,44
2019-07-25,47
2019-07-26,49
2019-07-27,21
2019-07-28,11
2019-07-29,38
2019-07-30,43
2019-07-31,51
2019-08-01,93
2019-08-02,68
2019-08-03,24
2019-08-04,13
2019-08-05,75
2019-08-06,100
2019-08-07,85
2019-08-08,62
2019-08-09,64
2019-08-10,19
2019-08-11,17
2019-08-12,48
2019-08-13,70
2019-08-14,65
2019-08-15,86
2019-08-16,63
2019-08-17,27
2019-08-18,20
2019-08-19,54
2019-08-20,63
2019-08-21,63
2019-08-22,48
2019-08-23,42
2019-08-24,21
2019-08-25,15
2019-08-26,60
2019-08-27,53
2019-08-28,49
2019-08-29,60
2019-08-30,55
2019-08-31,19
2019-09-01,16
2019-09-02,17
2019-09-03,49
2019-09-04,49
2019-09-05,57
2019-09-06,60
2019-09-07,19
2019-09-08,16
2019-09-09,55
2019-09-10,67
2019-09-11,64
2019-09-12,65
2019-09-13,70
2019-09-14,24
2019-09-15,14
2019-09-16,57
2019-09-17,51
2019-09-18,56
2019-09-19,100
2019-09-20,76
2019-09-21,36
2019-09-22,20
2019-09-23,62
2019-09-24,63
2019-09-25,74
2019-09-26,78
2019-09-27,73
2019-09-28,22
2019-09-29,19
2019-09-30,50
2019-10-01,46
2019-10-02,59
2019-10-03,52
2019-10-04,63
2019-10-05,20
2019-10-06,14
2019-10-07,43
2019-10-08,52
2019-10-09,44
2019-10-10,47
2019-10-11,58
2019-10-12,13
2019-10-13,11
2019-10-14,47
2019-10-15,62
2019-10-16,43
2019-10-17,51
2019-10-18,52
2019-10-19,13
2019-10-20,14
2019-10-21,58
2019-10-22,60
2019-10-23,84
2019-10-24,93
2019-10-25,90
2019-10-26,85
2019-10-27,36
2019-10-28,100
2019-10-29,76
2019-10-30,60
2019-10-31,53
2019-11-01,82
2019-11-02,40
2019-11-03,25
2019-11-04,92
2019-11-05,82
2019-11-06,60
2019-11-07,92
2019-11-08,76
2019-11-09,35
2019-11-10,24
2019-11-11,70
2019-11-12,80
2019-11-13,85
2019-11-14,93
2019-11-15,100
2019-11-16,55
2019-11-17,26
2019-11-18,89
2019-11-19,81
2019-11-20,86
2019-11-21,92
2019-11-22,78
2019-11-23,35
2019-11-24,17
2019-11-25,74
2019-11-26,79
2019-11-27,75
2019-11-28,27
2019-11-29,38
2019-11-30,22
2019-12-01,20
2019-12-02,72
2019-12-03,77
2019-12-04,79
2019-12-05,78
2019-12-06,81
2019-12-07,31
2019-12-08,26
2019-12-09,55
2019-12-10,70
2019-12-11,73
2019-12-12,86
2019-12-13,100
2019-12-14,37
2019-12-15,17
2019-12-16,87
2019-12-17,77
2019-12-18,81
2019-12-19,86
2019-12-20,97
2019-12-21,36
2019-12-22,28
2019-12-23,78
2019-12-24,86
2019-12-25,27
2019-12-26,88
2019-12-27,83
2019-12-28,33
2019-12-29,27
2019-12-30,77
2019-12-31,85
2020-01-01,11
2020-01-02,44
2020-01-03,49
2020-01-04,19
2020-01-05,12
2020-01-06,34
2020-01-07,36
2020-01-08,42
2020-01-09,58
2020-01-10,48
2020-01-11,15
2020-01-12,13
2020-01-13,43
2020-01-14,38
2020-01-15,58
2020-01-16,40
2020-01-17,64
2020-01-18,18
2020-01-19,13
2020-01-20,18
2020-01-21,47
2020-01-22,45
2020-01-23,44
2020-01-24,45
2020-01-25,8
2020-01-26,11
2020-01-27,46
2020-01-28,51
2020-01-29,79
2020-01-30,100
2020-01-31,71
2020-02-01,10
2020-02-02,11
2020-02-03,32
2020-02-04,45
2020-02-05,55
2020-02-06,47
2020-02-07,47
2020-02-08,16
2020-02-09,11
2020-02-10,47
2020-02-11,63
2020-02-12,54
2020-02-13,46
2020-02-14,49
2020-02-15,15
2020-02-16,10
2020-02-17,15
2020-02-18,35
2020-02-19,43
2020-02-20,41
2020-02-21,40
2020-02-22,14
2020-02-23,9
2020-02-24,49
2020-02-25,63
2020-02-26,61
2020-02-27,76
2020-02-28,100
2020-02-29,32
2020-03-01,17
2020-03-02,63
2020-03-03,58
2020-03-04,50
2020-03-05,38
2020-03-06,49
2020-03-07,16
2020-03-08,10
2020-03-09,78
2020-03-10,71
2020-03-11,65
2020-03-12,95
2020-03-13,100
2020-03-14,42
2020-03-15,19
2020-03-16,77
2020-03-17,86
2020-03-18,92
2020-03-19,84
2020-03-20,78
2020-03-21,37
2020-03-22,27
2020-03-23,77
2020-03-24,75
2020-03-25,74
2020-03-26,65
2020-03-27,58
2020-03-28,22
2020-03-29,17
2020-03-30,56
2020-03-31,59
2020-04-01,91
2020-04-02,77
2020-04-03,71
2020-04-04,29
2020-04-05,22
2020-04-06,69
2020-04-07,80
2020-04-08,76
2020-04-09,70
2020-04-10,39
2020-04-11,20
2020-04-12,20
2020-04-13,55
2020-04-14,68
2020-04-15,70
2020-04-16,77
2020-04-17,86
2020-04-18,27
2020-04-19,20
2020-04-20,66
2020-04-21,70
2020-04-22,61
2020-04-23,69
2020-04-24,54
2020-04-25,20
2020-04-26,21
2020-04-27,63
2020-04-28,69
2020-04-29,100
2020-04-30,98
2020-05-01,95
2020-05-02,38
2020-05-03,32
2020-05-04,81
2020-05-05,100
2020-05-06,100
2020-05-07,94
2020-05-08,82
2020-05-09,38
2020-05-10,27
2020-05-11,82
2020-05-12,91
2020-05-13,88
2020-05-14,79
2020-05-15,75
2020-05-16,27
2020-05-17,19
2020-05-18,74
2020-05-19,85
2020-05-20,79
2020-05-21,69
2020-05-22,67
2020-05-23,20
2020-05-24,21
2020-05-25,24
2020-05-26,73
2020-05-27,79
2020-05-28,86
2020-05-29,56
2020-05-30,21
2020-05-31,15
2020-06-01,49
2020-06-02,51
2020-06-03,57
2020-06-04,47
2020-06-05,72
2020-06-06,25
2020-06-07,17
2020-06-08,64
2020-06-09,68
2020-06-10,90
2020-06-11,100
2020-06-12,81
2020-06-13,31
2020-06-14,22
2020-06-15,62
2020-06-16,77
2020-06-17,71
2020-06-18,61
2020-06-19,63
2020-06-20,22
2020-06-21,18
2020-06-22,76
2020-06-23,82
2020-06-24,83
2020-06-25,77
2020-06-26,76
2020-06-27,29
2020-06-28,24
2020-06-29,67
2020-06-30,64
2020-07-01,86
2020-07-02,96
